-- phpMyAdmin SQL Dump
-- version 4.7.9
-- https://www.phpmyadmin.net/
--
-- Хост: localhost:3307
-- Время создания: Авг 20 2018 г., 05:34
-- Версия сервера: 5.7.21
-- Версия PHP: 7.1.16

SET SQL_MODE = "NO_AUTO_VALUE_ON_ZERO";
SET AUTOCOMMIT = 0;
START TRANSACTION;
SET time_zone = "+00:00";


/*!40101 SET @OLD_CHARACTER_SET_CLIENT=@@CHARACTER_SET_CLIENT */;
/*!40101 SET @OLD_CHARACTER_SET_RESULTS=@@CHARACTER_SET_RESULTS */;
/*!40101 SET @OLD_COLLATION_CONNECTION=@@COLLATION_CONNECTION */;
/*!40101 SET NAMES utf8mb4 */;

--
-- База данных: `db_matcha`
--

-- --------------------------------------------------------

--
-- Структура таблицы `chats`
--

CREATE TABLE `chats` (
  `id` int(10) UNSIGNED NOT NULL,
  `id_user` int(10) UNSIGNED NOT NULL,
  `id_sob` int(10) UNSIGNED NOT NULL
) ENGINE=InnoDB DEFAULT CHARSET=utf8;

--
-- Дамп данных таблицы `chats`
--

INSERT INTO `chats` (`id`, `id_user`, `id_sob`) VALUES
(3, 13, 14),
(5, 15, 13),
(6, 14, 15),
(7, 13, 16),
(8, 16, 15),
(9, 16, 17),
(10, 17, 15),
(11, 17, 13),
(12, 16, 18),
(13, 17, 18),
(14, 19, 16),
(15, 19, 18),
(16, 20, 14),
(17, 20, 15),
(18, 21, 22),
(19, 21, 15),
(20, 21, 20),
(21, 23, 15),
(22, 23, 21),
(23, 14, 21),
(24, 14, 23),
(25, 14, 16),
(26, 50, 15),
(27, 15, 42);

-- --------------------------------------------------------

--
-- Структура таблицы `friends`
--

CREATE TABLE `friends` (
  `id` int(10) UNSIGNED NOT NULL,
  `from_request` int(10) UNSIGNED NOT NULL,
  `to_request` int(10) UNSIGNED NOT NULL,
  `status` tinyint(1) NOT NULL DEFAULT '0',
  `date` timestamp NOT NULL DEFAULT CURRENT_TIMESTAMP
) ENGINE=InnoDB DEFAULT CHARSET=utf8;

--
-- Дамп данных таблицы `friends`
--

INSERT INTO `friends` (`id`, `from_request`, `to_request`, `status`, `date`) VALUES
(21, 14, 13, 1, '2018-07-25 17:06:51'),
(24, 13, 15, 1, '2018-07-26 14:55:53'),
(25, 16, 13, 1, '2018-07-28 09:37:54'),
(27, 17, 16, 1, '2018-07-28 10:00:09'),
(29, 13, 17, 1, '2018-07-28 10:00:48'),
(40, 14, 20, 1, '2018-08-02 09:15:02'),
(41, 15, 20, 1, '2018-08-02 09:51:33'),
(42, 21, 13, 0, '2018-08-02 09:55:07'),
(43, 21, 14, 1, '2018-08-02 09:55:13'),
(45, 21, 16, 1, '2018-08-02 09:55:32'),
(46, 21, 20, 1, '2018-08-02 09:56:12'),
(47, 21, 22, 1, '2018-08-02 09:56:27'),
(52, 15, 22, 0, '2018-08-02 09:57:37'),
(53, 23, 21, 1, '2018-08-02 10:11:47'),
(54, 23, 22, 0, '2018-08-02 10:12:05'),
(55, 23, 13, 0, '2018-08-02 10:12:28'),
(56, 23, 14, 1, '2018-08-02 10:12:45'),
(60, 15, 23, 1, '2018-08-02 10:13:13'),
(64, 18, 22, 0, '2018-08-02 11:18:59'),
(66, 14, 18, 1, '2018-08-02 11:20:19'),
(69, 14, 16, 1, '2018-08-03 10:28:09'),
(73, 15, 16, 1, '2018-08-04 07:13:47'),
(76, 23, 18, 0, '2018-08-04 11:04:57'),
(77, 23, 17, 0, '2018-08-04 11:05:11'),
(85, 15, 21, 0, '2018-08-06 17:03:43'),
(87, 16, 22, 0, '2018-08-11 17:57:53'),
(99, 15, 18, 0, '2018-08-12 13:08:02'),
(126, 14, 15, 1, '2018-08-16 12:48:15'),
(138, 50, 15, 1, '2018-08-16 16:59:40'),
(139, 50, 14, 0, '2018-08-16 16:59:57'),
(141, 51, 19, 0, '2018-08-16 17:05:37'),
(142, 51, 18, 0, '2018-08-16 17:05:38'),
(143, 51, 17, 0, '2018-08-16 17:05:38'),
(144, 15, 49, 1, '2018-08-16 17:10:52'),
(145, 15, 42, 1, '2018-08-18 07:35:07'),
(147, 16, 19, 0, '2018-08-18 07:39:50');

-- --------------------------------------------------------

--
-- Структура таблицы `location`
--

CREATE TABLE `location` (
  `id` int(10) UNSIGNED NOT NULL,
  `lat` varchar(25) NOT NULL,
  `lng` varchar(25) NOT NULL,
  `address` text,
  `id_user` int(10) UNSIGNED NOT NULL
) ENGINE=InnoDB DEFAULT CHARSET=utf8;

--
-- Дамп данных таблицы `location`
--

INSERT INTO `location` (`id`, `lat`, `lng`, `address`, `id_user`) VALUES
(13, '50.49574491816457', '30.532680847167967', ' Ukraine', 13),
(14, '50.46559613035547', '30.465389587402342', 'Sim\'i Khokhlovykh St, 6А, Kyiv, Ukraine, 02000', 15),
(15, '14.488779253818743', '-60.85542157249449', 'Morne Courbaril, Le Marin, Martinique', 16),
(16, '44.498291423494486', '34.17034074707033', 'ukraine', 17),
(17, '50.32723373920806', '30.46882793350221', NULL, 18),
(18, '50.45098383238252', '30.459941967773375', 'Peremohy Ave, 37/2, Kyiv, Ukraine, 02000', 19),
(19, '50.4333', '30.5167', NULL, 14),
(20, '50.4333', '30.5167', NULL, 20),
(21, '50.4333', '30.5167', NULL, 22),
(22, '50.4333', '30.5167', NULL, 23),
(23, '50.464', '30.466', 'Derevlianska St, 20/2, Kyiv, Ukraine, 02000', 24),
(24, '50.468', '30.452', 'Oranzhereina St, 5, Kyiv, Ukraine, 02000', 25),
(25, '50.468', '30.452', 'Oranzhereina St, 5, Kyiv, Ukraine, 02000', 26),
(26, '50.468', '30.452', 'Oranzhereina St, 5, Kyiv, Ukraine, 02000', 27),
(27, '50.468', '30.452', 'Oranzhereina St, 5, Kyiv, Ukraine, 02000', 28),
(28, '50.468', '30.452', 'Oranzhereina St, 5, Kyiv, Ukraine, 02000', 29),
(29, '50.468', '30.452', 'Oranzhereina St, 5, Kyiv, Ukraine, 02000', 30),
(30, '50.464', '30.466', 'Derevlianska St, 20/2, Kyiv, Ukraine, 02000', 31),
(31, '50.464', '30.466', 'Derevlianska St, 20/2, Kyiv, Ukraine, 02000', 35),
(32, '50.464', '30.466', 'Derevlianska St, 20/2, Kyiv, Ukraine, 02000', 36),
(33, '50.464', '30.466', 'Derevlianska St, 20/2, Kyiv, Ukraine, 02000', 37),
(34, '50.464', '30.466', 'Derevlianska St, 20/2, Kyiv, Ukraine, 02000', 38),
(35, '50.464', '30.466', 'Derevlianska St, 20/2, Kyiv, Ukraine, 02000', 39),
(36, '50.464', '30.466', 'Derevlianska St, 20/2, Kyiv, Ukraine, 02000', 40),
(37, '50.464', '30.466', 'Derevlianska St, 20/2, Kyiv, Ukraine, 02000', 41),
(38, '50.464', '30.466', 'Derevlianska St, 20/2, Kyiv, Ukraine, 02000', 42),
(39, '50.468', '30.452', 'Oranzhereina St, 5, Kyiv, Ukraine, 02000', 43),
(40, '50.464', '30.466', 'Derevlianska St, 20/2, Kyiv, Ukraine, 02000', 44),
(41, '50.464', '30.466', 'Derevlianska St, 20/2, Kyiv, Ukraine, 02000', 45),
(42, '50.464', '30.466', 'Derevlianska St, 20/2, Kyiv, Ukraine, 02000', 48),
(43, '50.4333', '30.5167', 'Velyka Vasylkivska St, 53/3, Kyiv, Ukraine, 01-001', 49),
(44, '50.4333', '30.5167', 'Velyka Vasylkivska St, 53/3, Kyiv, Ukraine, 01-001', 50),
(45, '50.4333', '30.5167', 'Velyka Vasylkivska St, 53/3, Kyiv, Ukraine, 01-001', 51),
(46, '50.464', '30.466', 'Derevlianska St, 20/2, Kyiv, Ukraine, 02000', 52);

-- --------------------------------------------------------

--
-- Структура таблицы `messages`
--

CREATE TABLE `messages` (
  `id_message` int(10) UNSIGNED NOT NULL,
  `id_chat_room` int(10) UNSIGNED NOT NULL,
  `id_user_from` int(10) UNSIGNED NOT NULL,
  `id_user_to` int(10) UNSIGNED NOT NULL,
  `messadge` text NOT NULL,
  `date_creation` timestamp NOT NULL DEFAULT CURRENT_TIMESTAMP,
  `read_status` tinyint(1) NOT NULL DEFAULT '0'
) ENGINE=InnoDB DEFAULT CHARSET=utf8;

--
-- Дамп данных таблицы `messages`
--

INSERT INTO `messages` (`id_message`, `id_chat_room`, `id_user_from`, `id_user_to`, `messadge`, `date_creation`, `read_status`) VALUES
(1, 3, 13, 14, 'asdasd', '2018-07-26 14:38:57', 1),
(2, 3, 13, 14, 'asdasd', '2018-07-26 14:43:52', 1),
(3, 3, 13, 14, 'aljfnkdjgf\n', '2018-07-26 14:44:39', 1),
(4, 3, 14, 13, 'FFF\n', '2018-07-26 14:48:07', 1),
(5, 3, 13, 14, 'Lolkek', '2018-07-26 14:48:17', 1),
(6, 3, 13, 14, '∫фыв', '2018-07-26 14:48:27', 1),
(7, 3, 13, 14, 'x`z`zx\n', '2018-07-26 14:53:24', 1),
(10, 3, 14, 13, 'ihsdf', '2018-07-26 14:57:24', 1),
(13, 3, 14, 13, 'asdasdasdasd', '2018-07-26 14:57:49', 1),
(14, 5, 13, 15, 'jhdsf', '2018-07-26 15:12:51', 1),
(15, 5, 15, 13, 'slajbdfhksudyf', '2018-07-26 15:12:56', 1),
(16, 5, 15, 13, 'osdhflkdfg', '2018-07-26 15:27:30', 1),
(17, 5, 15, 13, 'ousdhfi\n', '2018-07-26 15:35:15', 1),
(18, 5, 15, 13, 'asd', '2018-07-26 15:35:20', 1),
(19, 5, 15, 13, 'qweqwe', '2018-07-26 15:35:25', 1),
(20, 5, 15, 13, 'qweqwe', '2018-07-26 15:35:42', 1),
(21, 5, 15, 13, 'zxc', '2018-07-26 15:35:45', 1),
(22, 5, 15, 13, 'asdasd', '2018-07-26 15:36:00', 1),
(23, 5, 15, 13, 'asdasd', '2018-07-26 15:36:33', 1),
(24, 5, 15, 13, 'zxczxc', '2018-07-26 15:36:36', 1),
(25, 5, 15, 13, 'bbb', '2018-07-26 15:36:39', 1),
(26, 5, 15, 13, 'mmm', '2018-07-26 15:36:44', 1),
(27, 5, 15, 13, 'asdasdtttt', '2018-07-26 15:39:55', 1),
(28, 5, 15, 13, 'asqweqwe1111', '2018-07-26 15:40:20', 1),
(29, 5, 15, 13, '555', '2018-07-26 15:40:30', 1),
(30, 5, 15, 13, 'asd', '2018-07-26 15:41:55', 1),
(31, 5, 15, 13, '000', '2018-07-26 15:46:49', 1),
(32, 5, 15, 13, '555', '2018-07-26 15:47:57', 1),
(33, 5, 15, 13, '666', '2018-07-26 15:48:03', 1),
(34, 5, 15, 13, 'yyy', '2018-07-26 15:48:17', 1),
(35, 5, 15, 13, 'ipdfjsp', '2018-07-26 15:48:40', 1),
(36, 5, 13, 15, '2348', '2018-07-26 15:49:44', 1),
(37, 5, 13, 15, 'xzc', '2018-07-26 15:49:50', 1),
(38, 5, 15, 13, 'Go dotka', '2018-07-26 15:51:59', 1),
(39, 5, 15, 13, 'asd', '2018-07-26 15:54:16', 1),
(40, 5, 15, 13, '8', '2018-07-26 16:15:53', 1),
(41, 5, 15, 13, '', '2018-07-26 16:15:55', 1),
(42, 5, 15, 13, '', '2018-07-26 16:15:57', 1),
(43, 5, 15, 13, 'asd', '2018-07-26 16:16:46', 1),
(44, 5, 15, 13, '1', '2018-07-26 16:16:48', 1),
(45, 5, 15, 13, '123', '2018-07-26 16:40:00', 1),
(46, 5, 15, 13, '44', '2018-07-26 16:45:16', 1),
(47, 5, 15, 13, 'ооо', '2018-07-26 16:59:45', 1),
(48, 5, 15, 13, '12324', '2018-07-26 17:01:28', 1),
(49, 5, 15, 13, 'мм', '2018-07-26 17:01:34', 1),
(50, 5, 15, 13, 'йууйцу', '2018-07-26 17:01:53', 1),
(51, 5, 15, 13, 'йцуй', '2018-07-26 17:02:04', 1),
(52, 5, 15, 13, 'йцу', '2018-07-26 17:02:31', 1),
(53, 5, 15, 13, 'фівфів', '2018-07-26 17:03:51', 1),
(54, 5, 15, 13, 'фівфів', '2018-07-26 17:03:55', 1),
(55, 5, 13, 15, 'фівфі', '2018-07-26 17:04:01', 1),
(56, 5, 13, 15, 'фів', '2018-07-26 17:04:32', 1),
(57, 5, 15, 13, '123', '2018-07-26 17:04:36', 1),
(58, 5, 15, 13, 'ззз', '2018-07-26 17:04:52', 1),
(59, 5, 15, 13, 'фівфів', '2018-07-26 17:06:48', 1),
(60, 5, 15, 13, 'фів123', '2018-07-26 17:07:12', 1),
(61, 5, 15, 13, 'asdasd', '2018-07-26 17:09:00', 1),
(62, 6, 14, 15, 'awe', '2018-07-26 17:12:47', 1),
(63, 3, 14, 13, '123', '2018-07-26 17:12:51', 1),
(64, 3, 14, 13, 'xxc', '2018-07-26 17:15:39', 1),
(65, 3, 14, 13, 'qweqwe', '2018-07-26 17:20:19', 1),
(66, 3, 14, 13, 'цйушкгнцйушгк', '2018-07-26 17:32:50', 1),
(67, 3, 14, 13, 'йцшну', '2018-07-26 17:33:05', 1),
(68, 3, 14, 13, 'фвффыффыв', '2018-07-26 17:33:19', 1),
(69, 3, 14, 13, '123', '2018-07-26 17:33:39', 1),
(70, 3, 13, 14, '8цу9823', '2018-07-26 17:34:04', 1),
(71, 5, 15, 13, 'asd', '2018-07-27 09:14:02', 1),
(72, 5, 15, 13, '1', '2018-07-27 09:14:06', 1),
(73, 5, 15, 13, 'asd', '2018-07-27 09:14:40', 1),
(74, 5, 15, 13, 'tt', '2018-07-27 09:15:45', 1),
(75, 5, 15, 13, 'qwe', '2018-07-27 09:16:29', 1),
(76, 5, 15, 13, 'asd', '2018-07-27 09:18:05', 1),
(77, 5, 15, 13, 'asd', '2018-07-27 09:19:22', 1),
(78, 5, 15, 13, '123', '2018-07-27 09:19:36', 1),
(79, 5, 15, 13, 'v', '2018-07-27 09:19:43', 1),
(80, 5, 15, 13, 'asd', '2018-07-27 09:31:33', 1),
(81, 5, 15, 13, 'asd', '2018-07-27 09:31:38', 1),
(82, 5, 15, 13, '213', '2018-07-27 09:31:42', 1),
(83, 5, 15, 13, 'ad', '2018-07-27 09:31:51', 1),
(84, 5, 15, 13, 'kl;kl', '2018-07-27 09:31:56', 1),
(85, 5, 15, 13, 's;dhigoier', '2018-07-27 09:32:03', 1),
(86, 5, 15, 13, ';', '2018-07-27 09:32:13', 1),
(87, 5, 15, 13, 'ashdiasd', '2018-07-27 09:44:02', 1),
(88, 5, 15, 13, 'asdf\n', '2018-07-27 09:44:19', 1),
(89, 5, 15, 13, 'zxc', '2018-07-27 09:44:31', 1),
(90, 5, 15, 13, 'asdasd', '2018-07-27 10:16:49', 1),
(91, 5, 15, 13, '123', '2018-07-27 10:17:00', 1),
(92, 5, 15, 13, 'zxc', '2018-07-27 10:17:02', 1),
(93, 5, 15, 13, 'nnn', '2018-07-27 10:17:05', 1),
(94, 5, 15, 13, 'q888', '2018-07-27 10:17:22', 1),
(95, 5, 15, 13, '`zx', '2018-07-27 10:17:30', 1),
(96, 5, 15, 13, 'wqe', '2018-07-27 10:17:35', 1),
(97, 5, 15, 13, 'nnn', '2018-07-27 10:17:39', 1),
(98, 5, 15, 13, 'asd', '2018-07-27 10:28:14', 1),
(99, 5, 15, 13, 'asd', '2018-07-27 10:30:06', 1),
(100, 5, 15, 13, 'asd', '2018-07-27 10:30:10', 1),
(101, 5, 15, 13, 'zxc', '2018-07-27 10:30:13', 1),
(102, 5, 13, 15, 'ksfd', '2018-07-27 10:36:40', 1),
(103, 5, 15, 13, 'asd', '2018-07-27 14:24:33', 1),
(104, 5, 15, 13, 'фів', '2018-07-27 14:25:38', 1),
(105, 5, 15, 13, '123', '2018-07-27 14:28:20', 1),
(106, 5, 15, 13, 'asd', '2018-07-27 14:30:16', 1),
(107, 5, 15, 13, 'asd', '2018-07-27 14:30:59', 1),
(108, 5, 15, 13, 'qwe', '2018-07-27 14:31:08', 1),
(109, 5, 15, 13, 'asdasd', '2018-07-27 14:33:36', 1),
(110, 5, 15, 13, 'asd', '2018-07-27 14:33:42', 1),
(111, 5, 15, 13, 'asd', '2018-07-27 14:38:32', 1),
(112, 5, 15, 13, 'asd', '2018-07-27 14:38:37', 1),
(113, 5, 15, 13, '123', '2018-07-27 14:38:46', 1),
(114, 5, 15, 13, 'asd', '2018-07-27 14:38:54', 1),
(115, 5, 15, 13, 'qweqwe', '2018-07-27 14:39:51', 1),
(116, 5, 15, 13, 'йцу', '2018-07-27 14:42:00', 1),
(117, 5, 15, 13, 'asd', '2018-07-28 05:18:24', 1),
(118, 5, 15, 13, 'asd', '2018-07-28 05:25:56', 1),
(119, 5, 15, 13, 'asd', '2018-07-28 06:16:18', 1),
(120, 5, 15, 13, 'qwe123', '2018-07-28 06:16:26', 1),
(121, 5, 15, 13, '123', '2018-07-28 06:18:25', 1),
(122, 5, 15, 13, '123', '2018-07-28 06:18:37', 1),
(123, 5, 15, 13, 'zxc', '2018-07-28 06:18:40', 1),
(124, 5, 15, 13, 'vv', '2018-07-28 06:18:59', 1),
(125, 3, 13, 14, 'zxc', '2018-07-28 06:19:16', 1),
(126, 3, 13, 14, 'vv', '2018-07-28 06:19:19', 1),
(127, 5, 13, 15, 'ggg', '2018-07-28 06:19:22', 1),
(128, 5, 13, 15, '123', '2018-07-28 06:20:47', 1),
(129, 5, 13, 15, ';k;l;', '2018-07-28 06:22:07', 1),
(130, 3, 13, 14, 'jlashd;', '2018-07-28 06:24:06', 1),
(131, 5, 13, 15, 'z.z.', '2018-07-28 06:24:30', 1),
(132, 3, 13, 14, 'asd', '2018-07-28 06:24:38', 1),
(133, 3, 13, 14, 'zxc', '2018-07-28 06:24:41', 1),
(134, 3, 13, 14, 'vvv', '2018-07-28 06:24:44', 1),
(135, 5, 13, 15, 'zxc', '2018-07-28 06:24:56', 1),
(136, 5, 13, 15, 'asd', '2018-07-28 06:26:10', 1),
(137, 3, 13, 14, 'asd', '2018-07-28 06:26:22', 1),
(138, 5, 13, 15, 'rrr', '2018-07-28 06:27:00', 1),
(139, 3, 13, 14, '123', '2018-07-28 06:39:46', 1),
(140, 3, 13, 14, 'фів', '2018-07-28 06:40:27', 1),
(141, 5, 13, 15, 'ячс', '2018-07-28 06:40:39', 1),
(142, 5, 15, 13, 'йцу', '2018-07-28 06:40:47', 1),
(143, 5, 13, 15, 'діолфиат', '2018-07-28 06:40:57', 1),
(144, 5, 13, 15, 'asd', '2018-07-28 09:11:12', 1),
(145, 5, 13, 15, '213', '2018-07-28 09:11:16', 1),
(146, 5, 13, 15, 'asdasd', '2018-07-28 09:11:22', 1),
(147, 7, 13, 16, 'йцу', '2018-07-28 09:39:02', 1),
(148, 7, 13, 16, 'Привет \n', '2018-07-28 09:39:15', 1),
(149, 7, 13, 16, 'К\n', '2018-07-28 09:39:53', 1),
(150, 7, 13, 16, '123', '2018-07-28 09:41:30', 1),
(151, 5, 15, 13, 'йцу', '2018-07-28 09:44:30', 1),
(152, 6, 15, 14, 'фів', '2018-07-28 09:44:38', 1),
(153, 7, 13, 16, '123', '2018-07-28 09:45:48', 1),
(154, 7, 13, 16, 'qwe', '2018-07-28 09:46:02', 1),
(155, 7, 13, 16, '123', '2018-07-28 09:46:43', 1),
(156, 7, 13, 16, 'asd', '2018-07-28 09:47:19', 1),
(157, 7, 16, 13, '123', '2018-07-28 09:48:16', 1),
(158, 7, 13, 16, 'lolkek?\n', '2018-07-28 09:48:53', 1),
(159, 7, 16, 13, 'привет птичка\nтебя покормить?', '2018-07-28 09:48:53', 1),
(160, 7, 13, 16, 'да детка\n', '2018-07-28 09:49:02', 1),
(161, 7, 13, 16, 'покаорми меня', '2018-07-28 09:49:07', 1),
(162, 7, 16, 13, 'почему у меня на аве умножение? это соцсеть для программистов?', '2018-07-28 09:49:12', 1),
(163, 7, 16, 13, 'что тут делает птица?', '2018-07-28 09:49:21', 1),
(164, 7, 16, 13, 'у тебя же лапки', '2018-07-28 09:49:26', 1),
(165, 7, 13, 16, 'для продвинутых пользоватилей', '2018-07-28 09:49:27', 1),
(166, 7, 13, 16, 'телега', '2018-07-28 09:49:55', 1),
(167, 7, 16, 13, 'оно видно что АДМИН ПТЫЦА', '2018-07-28 09:50:00', 1),
(168, 7, 13, 16, 'птычка вообщето', '2018-07-28 09:50:10', 1),
(169, 7, 16, 13, 'кнопащки не рабоют 1! админ фикси', '2018-07-28 09:50:13', 1),
(170, 7, 13, 16, 'какие?', '2018-07-28 09:50:27', 1),
(171, 7, 16, 13, '122 сообщения!!!!!!!!!!!', '2018-07-28 09:51:30', 1),
(172, 7, 16, 13, 'хватит спамить!', '2018-07-28 09:51:36', 1),
(173, 7, 16, 13, 'в чс добавлю!', '2018-07-28 09:51:39', 1),
(174, 7, 16, 13, 'фывфывфыв', '2018-07-28 09:51:50', 1),
(175, 7, 13, 16, 'угу)\n', '2018-07-28 09:51:56', 1),
(176, 7, 16, 13, 'вжух вжух и ты забанен!', '2018-07-28 09:52:11', 1),
(177, 7, 13, 16, 'могу тебя забанить )', '2018-07-28 09:52:19', 1),
(178, 7, 16, 13, 'а ну попробуй петушок', '2018-07-28 09:52:48', 1),
(179, 8, 15, 16, 'Привет', '2018-07-28 09:54:00', 1),
(180, 8, 15, 16, 'Вжух \n', '2018-07-28 09:54:05', 1),
(181, 8, 15, 16, 'Думаешь ?', '2018-07-28 09:54:13', 1),
(182, 8, 16, 15, 'а ты думаешь?\n', '2018-07-28 09:54:31', 1),
(183, 8, 16, 15, 'а ты кто? как меня нашел? у меня же нет авки', '2018-07-28 09:54:40', 1),
(184, 8, 15, 16, 'думаю \n', '2018-07-28 09:54:44', 1),
(185, 8, 15, 16, 'Роман всегда думает', '2018-07-28 09:54:49', 1),
(186, 7, 13, 16, 'я тоже думаю', '2018-07-28 09:54:57', 1),
(187, 7, 13, 16, 'Ало', '2018-07-28 09:55:01', 1),
(188, 8, 16, 15, 'а где доказательство что ты роман?', '2018-07-28 09:55:03', 1),
(189, 7, 16, 13, 'я на проводе', '2018-07-28 09:55:22', 1),
(190, 9, 17, 16, 'Hi baby', '2018-07-28 10:01:30', 1),
(191, 9, 17, 16, 'send nudes', '2018-07-28 10:01:36', 1),
(192, 9, 16, 17, 'тебе 16ююю', '2018-07-28 10:01:43', 0),
(193, 9, 16, 17, 'а мне 45', '2018-07-28 10:01:48', 0),
(194, 9, 17, 16, 'send nudes', '2018-07-28 10:01:57', 1),
(195, 9, 16, 17, 'все ок мальик?', '2018-07-28 10:01:57', 0),
(196, 10, 17, 15, 'hi\n', '2018-07-28 10:02:14', 1),
(197, 9, 17, 16, '+\n', '2018-07-28 10:02:38', 1),
(198, 9, 16, 17, 'вжух', '2018-07-28 10:02:58', 0),
(199, 9, 16, 17, '<3\n', '2018-07-28 10:03:35', 0),
(200, 9, 16, 17, 'Bitconneeeeeeeeect', '2018-07-28 10:03:43', 0),
(201, 9, 17, 16, '<3\n', '2018-07-28 10:03:48', 1),
(202, 9, 17, 16, 'мать помоги с принтфом', '2018-07-28 10:03:59', 1),
(203, 9, 16, 17, 'мальчик не ошибайса', '2018-07-28 10:04:32', 0),
(204, 9, 17, 16, 'памоги', '2018-07-28 10:05:53', 1),
(205, 9, 17, 16, 'виталя не читай плиз\n', '2018-07-28 10:14:36', 1),
(206, 7, 16, 13, 'пр', '2018-07-28 11:15:44', 1),
(207, 7, 16, 13, 'не ожидал]/', '2018-07-28 11:15:54', 1),
(208, 8, 15, 16, 'А где доказательство что ты мартинка ?\n', '2018-07-28 11:16:15', 1),
(209, 7, 16, 13, 'df', '2018-07-28 12:45:05', 1),
(210, 7, 16, 13, 'df', '2018-07-28 12:45:07', 1),
(211, 7, 16, 13, 'dfdfdf', '2018-07-28 12:45:08', 1),
(212, 7, 16, 13, 'ава\n', '2018-07-28 12:48:57', 1),
(213, 7, 16, 13, 'ва', '2018-07-28 12:49:03', 1),
(214, 7, 16, 13, 'апапапап', '2018-07-28 12:49:05', 1),
(215, 7, 16, 13, 'вава', '2018-07-28 12:49:45', 1),
(216, 7, 16, 13, 'отвечай ', '2018-07-28 12:49:51', 1),
(217, 7, 16, 13, 'быстро!', '2018-07-28 12:49:54', 1),
(218, 8, 16, 15, 'вава', '2018-07-28 12:50:03', 1),
(219, 9, 16, 17, 'вавава', '2018-07-28 12:50:06', 0),
(220, 9, 16, 17, 'вжухвжух', '2018-07-28 12:50:11', 0),
(221, 8, 15, 16, '123\n', '2018-07-28 12:50:11', 1),
(222, 8, 15, 16, 'Всмысле ?', '2018-07-28 12:50:23', 1),
(223, 7, 16, 13, 'ты попугай оторый умеет говорит?', '2018-07-28 12:50:28', 1),
(224, 9, 17, 16, 'я не вижу ваших вжух\n', '2018-07-28 12:51:20', 1),
(225, 8, 15, 16, 'йцу', '2018-07-28 12:53:01', 1),
(226, 8, 15, 16, 'фыв', '2018-07-28 12:55:14', 1),
(227, 5, 15, 13, 'qwe', '2018-07-28 13:11:53', 1),
(228, 8, 15, 16, '123', '2018-07-28 13:23:15', 1),
(229, 5, 15, 13, '1', '2018-07-28 13:41:26', 1),
(230, 7, 16, 13, 'fghj', '2018-07-28 15:14:06', 1),
(231, 5, 15, 13, 'вжух\n', '2018-07-28 15:15:42', 1),
(232, 5, 15, 13, 'ты тут,\n', '2018-07-28 15:15:52', 1),
(233, 7, 16, 13, 'woooow\n\n', '2018-07-28 15:16:02', 1),
(234, 7, 16, 13, 'no®µ tak tema', '2018-07-28 15:16:10', 1),
(235, 12, 16, 18, 'murmur', '2018-07-28 15:21:03', 0),
(237, 11, 17, 13, ':)\n', '2018-07-28 15:23:48', 1),
(238, 5, 15, 13, 'qwe', '2018-07-29 07:50:35', 1),
(239, 5, 15, 13, 'asd', '2018-07-29 07:50:39', 1),
(240, 6, 15, 14, '123', '2018-07-29 09:39:05', 1),
(241, 6, 15, 14, '123', '2018-07-29 09:39:08', 1),
(242, 10, 15, 17, '1', '2018-07-29 10:01:45', 0),
(243, 6, 14, 15, '123', '2018-07-29 10:14:02', 1),
(244, 6, 14, 15, '123', '2018-07-29 10:14:07', 1),
(245, 10, 15, 17, '11111111111111111111111111111111111111111111111111111111111111111111111111111111111111111111111111111111111111111111111111111111111111111111111111111111111111111111111111111111111111111111111111111111111111111111111111111111111111111111111111111111111111111111111111111111', '2018-07-29 10:18:09', 0),
(246, 6, 15, 14, '111111111111111111111111111111111111111111111111111111111111111111111111111111111111111111111111111111111111111111111111111111111111111111111111111111111111111111111111111111111111111111111111111111111111111111111111111111111111111111111111111111111111111111111111111111111111111111111111111111111111111111111111111111111111111111111111111111111111111111111111111111111111111111111111111111111111111111111111111111111111111111111111111111111111111111111111111111111111111111111111111111111111111111111111111111111111111111111111111111111111111111111111111111111111111111111111111111111111111111111111111111111111111111111111111111111111111111111111111111111111111111111111111111111111111111111111111111111111111111111111111111111111111111111111111111111111111111111111111111111111111111111111111111111111111111111111', '2018-07-29 10:18:27', 1),
(247, 6, 15, 14, 'uqwheuiuyqweuyioqwueoiqwuyeiw iweruy iwqeuryiwq yeriouyqw eioruyqwioeryieuwy riueqyriotuyeruityoierytoieuy iouwyeir uyqweryiowqeuyri yweir ywieuyr iowuey riuwy eriuyw eoiury wioeuyrioweu ', '2018-07-29 10:23:14', 1),
(248, 6, 15, 14, 'фыльаошывоарщвыаываыфвавфыпывапывапвыапвапвыапвыапывапывапвыапывапвыапвыапвыапывапывапвыапвыапвыапвыпаывапвыапвыапвапвапвыап', '2018-07-29 10:26:12', 1),
(249, 6, 15, 14, 'qwe', '2018-07-29 10:29:47', 1),
(250, 6, 15, 14, 'asdasdasdasd', '2018-07-29 10:29:59', 1),
(251, 6, 15, 14, ';lkjeo;iwjdwejp orkwpej owej foasdopifj opaiehfio aofj oasjfoiwjefoij woifjpsd fosajdofjasodifjosidjf osidj of sodifj osdjf osijdfoisodif josidjf osjd fsodifj osdijf oisjdfij soidfjsjdofjsodifjo sidfi sdoif jsidfj oisjdif jsiodfjiosjfoijosjdf sdf isodif jsoidj fisj dfjisdjfsidj fisjd fiosjfisjfosdj fsdj fosijd fosjodfsjiad foisjdof ijsdjpf sa', '2018-07-29 10:30:47', 1),
(252, 6, 15, 14, 'o1i2uy8o hfisdbjsdhbfdsfasdfasdfsadfasdfasdfasdfsadfsadfasdfsadfsdfsadf', '2018-07-29 10:32:03', 1),
(253, 6, 14, 15, '123', '2018-07-29 11:54:36', 1),
(254, 8, 15, 16, 'asd', '2018-07-31 18:50:42', 1),
(255, 16, 20, 14, 'KJKJK', '2018-08-02 09:16:10', 1),
(256, 16, 20, 14, 'KLKL', '2018-08-02 09:16:40', 1),
(257, 16, 20, 14, 'KRASIVO  NAPUSALA', '2018-08-02 09:16:53', 1),
(258, 16, 14, 20, 'Такс', '2018-08-02 09:48:26', 1),
(259, 16, 20, 14, 'pder', '2018-08-02 09:48:44', 1),
(260, 16, 20, 14, 'звук норм ', '2018-08-02 09:48:50', 1),
(261, 16, 14, 20, 'ну ) ', '2018-08-02 09:48:55', 1),
(262, 16, 14, 20, 'гучнысть нормальна ?', '2018-08-02 09:48:59', 1),
(263, 16, 20, 14, 'срочно треба стікери ', '2018-08-02 09:49:00', 1),
(264, 16, 14, 20, 'Стікерів навіть в TODO нема )', '2018-08-02 09:49:31', 1),
(265, 16, 20, 14, 'ужс', '2018-08-02 09:49:47', 1),
(266, 16, 20, 14, 'я б не вижила ', '2018-08-02 09:49:52', 1),
(267, 16, 20, 14, 'на вашому сайтіку', '2018-08-02 09:49:58', 1),
(268, 16, 14, 20, 'рілі пічалька ( ', '2018-08-02 09:50:19', 1),
(269, 16, 20, 14, 'твої звуеи мене смущають', '2018-08-02 09:52:16', 1),
(270, 18, 21, 22, 'прием', '2018-08-02 09:56:58', 1),
(271, 18, 21, 22, 'фывфыв', '2018-08-02 09:58:01', 1),
(272, 18, 21, 22, 'меня слышно ?', '2018-08-02 09:58:05', 1),
(273, 18, 22, 21, ' приветики)', '2018-08-02 09:58:45', 1),
(274, 18, 21, 22, 'asdasd', '2018-08-02 10:00:32', 1),
(275, 19, 21, 15, 'asdasd', '2018-08-02 10:07:02', 1),
(276, 19, 21, 15, 'asdasd11', '2018-08-02 10:07:05', 1),
(277, 19, 21, 15, 'test19 chat', '2018-08-02 10:07:40', 1),
(278, 20, 21, 20, 'прием прием', '2018-08-02 10:08:51', 1),
(279, 22, 23, 21, 'bla', '2018-08-02 10:13:28', 1),
(280, 22, 23, 21, 'bla bla', '2018-08-02 10:13:33', 1),
(281, 22, 23, 21, 'On the knees', '2018-08-02 10:13:39', 1),
(282, 22, 23, 21, 'slayer', '2018-08-02 10:13:42', 1),
(283, 21, 15, 23, 'ПРивет', '2018-08-02 10:13:58', 1),
(284, 21, 23, 15, 'On the knees', '2018-08-02 10:15:31', 1),
(285, 21, 23, 15, 'slayer', '2018-08-02 10:15:34', 1),
(286, 21, 23, 15, 'I\'m your lord', '2018-08-02 10:15:41', 1),
(287, 21, 23, 15, 'Fucking bastard', '2018-08-02 10:15:48', 1),
(288, 21, 23, 15, 'bla bla', '2018-08-02 10:16:14', 1),
(289, 21, 15, 23, '18273', '2018-08-02 10:16:24', 1),
(290, 21, 23, 15, 'i\'m came from future', '2018-08-02 10:16:28', 1),
(291, 21, 15, 23, 'дщдлул', '2018-08-02 10:16:39', 1),
(292, 21, 23, 15, 'y', '2018-08-02 10:16:59', 1),
(293, 21, 23, 15, 'kmmmm', '2018-08-02 10:17:03', 1),
(294, 21, 23, 15, 'mmnknkm', '2018-08-02 10:17:04', 1),
(295, 21, 23, 15, 'jnmkjnmk', '2018-08-02 10:17:05', 1),
(296, 16, 14, 20, 'Чому ?', '2018-08-02 10:24:57', 1),
(297, 16, 20, 14, 'незнаю', '2018-08-02 10:25:08', 1),
(298, 16, 20, 14, 'ааххаха', '2018-08-02 10:25:10', 1),
(299, 16, 14, 20, 'це ж просто joke (', '2018-08-02 10:25:20', 1),
(300, 6, 14, 15, 'lll', '2018-08-02 10:26:08', 1),
(301, 19, 15, 21, 'бля', '2018-08-02 10:26:26', 1),
(302, 19, 15, 21, 'чет сломался чат ( ', '2018-08-02 10:26:30', 1),
(303, 19, 15, 21, 'работал ок и что-то пошло нетак', '2018-08-02 10:26:37', 1),
(304, 6, 14, 15, 'фыв', '2018-08-02 10:27:10', 1),
(305, 6, 14, 15, '123', '2018-08-02 10:37:04', 1),
(306, 6, 14, 15, 'фів', '2018-08-02 10:37:08', 1),
(307, 6, 14, 15, 'ячс', '2018-08-02 10:37:13', 1),
(308, 6, 14, 15, 'йцу', '2018-08-02 10:39:20', 1),
(309, 6, 14, 15, 'ячс', '2018-08-02 10:39:22', 1),
(310, 19, 21, 15, 'пришло время наставить чат на путь истиный !!', '2018-08-02 10:40:51', 1),
(311, 19, 15, 21, 'ану напиши еще чтото', '2018-08-02 10:41:05', 1),
(312, 19, 21, 15, 'да прибудет с тобой сила и ексракт костылей', '2018-08-02 10:41:24', 1),
(313, 20, 20, 21, 're', '2018-08-02 10:41:26', 1),
(314, 19, 15, 21, 'бля', '2018-08-02 10:41:30', 1),
(315, 16, 20, 14, 'I know ', '2018-08-02 10:41:39', 1),
(316, 20, 21, 20, 'обана', '2018-08-02 10:41:49', 1),
(317, 20, 21, 20, 'я думал это аккаунт Виталика', '2018-08-02 10:41:56', 1),
(318, 20, 20, 21, 'no', '2018-08-02 10:42:03', 1),
(319, 20, 21, 20, 'ну да Виталик моим именем сейчас пользуется как временным аккаунтом', '2018-08-02 10:42:28', 1),
(320, 20, 21, 20, 'а ты кто есть ?', '2018-08-02 10:42:51', 1),
(321, 20, 20, 21, 'точно не Віталік ', '2018-08-02 10:45:07', 1),
(322, 19, 15, 21, 'нужно бльше сообщений ', '2018-08-02 10:46:25', 1),
(323, 20, 21, 20, 'ну да я Виталика спросил он ржет', '2018-08-02 10:47:02', 1),
(324, 20, 21, 20, 'ааа', '2018-08-02 10:47:07', 1),
(325, 20, 21, 20, 'ага судя его показаниям ты наша напарница по проекту 4 якоря', '2018-08-02 10:47:28', 1),
(326, 19, 21, 15, '# TensorFlow and tf.keras\nimport tensorflow as tf\nfrom tensorflow import keras\n\n# Helper libraries\nimport numpy as np\nimport matplotlib.pyplot as plt\n\nprint(tf.__version__)\n\nfashion_mnist = keras.datasets.fashion_mnist\n\n(train_images, train_labels), (test_images, test_labels) = fashion_mnist.load_data()\n\nclass_names = [\'T-shirt/top\', \'Trouser\', \'Pullover\', \'Dress\', \'Coat\',\n               \'Sandal\', \'Shirt\', \'Sneaker\', \'Bag\', \'Ankle boot\']\n\nprint(\"train_images\", train_images.shape)\nprint(\"train_images\", test_images.shape)\n\nplt.figure()\nplt.imshow(train_images[111])\nplt.colorbar()\nplt.gca().grid(False)\nplt.show()', '2018-08-02 10:50:23', 1),
(327, 19, 21, 15, '[[  0   0   0   0   0   0   0   0   0   0   0   0   0   0   0   0   0   0\n    0   0   0   0   0   0   0   0   0   0]\n [  0   0   0   0   0   0   0   0   0   0   0   0   0   0   0   0   0   0\n    0   0   0   0   0   0   0   0   0   0]\n [  0   0   0   0   0   0   0   0   0   0   0   0   0   0   0   0   0   0\n    0   0   0   0   0   0   0   0   0   0]\n [  0   0   0   0   0   0   0   0   0   0   0   0   0   0   0   0   0   0\n    0   0   0   0   0   0   0   0   0   0]\n [  0   0   0   0   0   0   0   0   0   0   0   0   0   0   0   0   0   0\n    0   0   0   0   0   0   0   0   0   0]\n [  0   0   0   0   0   0   0   0   0   0   0   0   0   0   0   0   0   0\n    0   0   0   0   0   0   0   0   0   0]\n [  0   0   0   0   0   0   0   0   0   0   0   0   0   0   0   0   0   0\n    0   0   0   0   0   0   0   0   0   0]\n [  0   0   0   0   0   0   0   0   0   0   0   0   0   0   0   0   0   0\n    0   3   1   0   0   7   0  37   0   0]\n [  0   0   0   0   0   0   0   0   0   0   0   0   0   1   2   0  27  84\n   11   0   0   0   0   0   0 119   0   0]\n [  0   0   0   0   0   0   0   0   0   0   0   0   0   1   0   0  88 143\n  110   0   0   0   0  22  93 106   0   0]\n [  0   0   0   0   0   0   0   0   0   0   0   0   0   4   0  53 129 120\n  147 175 157 166 135 154 168 140   0   0]\n [  0   0   0   0   0   0   0   0   0   0   0   0   2   0  11 137 130 128\n  160 176 159 167 178 149 151 144   0   0]\n [  0   0   0   0   0   0   1   0   2   1   0   3   0   0 115 114 106 137\n  168 153 156 165 167 143 157 158  11   0]\n [  0   0   0   0   1   0   0   0   0   0   3   0   0  89 139  90  94 153\n  149 131 151 169 172 143 159 169  48   0]\n [  0   0   0   0   0   0   2   4   1   0   0   0  98 136 110 109 110 162\n  135 144 149 159 167 144 158 169 119   0]\n [  0   0   2   2   1   2   0   0   0   0  26 108 117  99 111 117 136 156\n  134 154 154 156 160 141 147 156 178   0]\n [  3   0   0   0   0   0   0  21  53  92 117 111 103 115 129 134 143 154\n  165 170 154 151 154 143 138 150 165  43]\n [  0   0  23  54  65  76  85 118 128 123 111 113 118 127 125 139 133 136\n  160 140 155 161 144 155 172 161 189  62]\n [  0  68  94  90 111 114 111 114 115 127 135 136 143 126 127 151 154 143\n  148 125 162 162 144 138 153 162 196  58]\n [ 70 169 129 104  98 100  94  97  98 102 108 106 119 120 129 149 156 167\n  190 190 196 198 198 187 197 189 184  36]\n [ 16 126 171 188 188 184 171 153 135 120 126 127 146 185 195 209 208 255\n  209 177 245 252 251 251 247 220 206  49]\n [  0   0   0  12  67 106 164 185 199 210 211 210 208 190 150  82   8   0\n    0   0 178 208 188 175 162 158 151  11]\n [  0   0   0   0   0   0   0   0   0   0   0   0   0   0   0   0   0   0\n    0   0   0   0   0   0   0   0   0   0]\n [  0   0   0   0   0   0   0   0   0   0   0   0   0   0   0   0   0   0\n    0   0   0   0   0   0   0   0   0   0]\n [  0   0   0   0   0   0   0   0   0   0   0   0   0   0   0   0   0   0\n    0   0   0   0   0   0   0   0   0   0]\n [  0   0   0   0   0   0   0   0   0   0   0   0   0   0   0   0   0   0\n    0   0   0   0   0   0   0   0   0   0]\n [  0   0   0   0   0   0   0   0   0   0   0   0   0   0   0   0   0   0\n    0   0   0   0   0   0   0   0   0   0]\n [  0   0   0   0   0   0   0   0   0   0   0   0   0   0   0   0   0   0\n    0   0   0   0   0   0   0   0   0   0]]', '2018-08-02 10:51:36', 1),
(328, 19, 21, 15, '[[  0   0   0   0   0   0   0   0   0   0   0   0   0   0   0   0   0   0\n    0   0   0   0   0   0   0   0   0   0]\n [  0   0   0   0   0   0   0   0   0   0   0   0   0   0   0   0   0   0\n    0   0   0   0   0   0   0   0   0   0]\n [  0   0   0   0   0   0   0   0   0   0   0   0   0   0   0   0   0   0\n    0   0   0   0   0   0   0   0   0   0]\n [  0   0   0   0   0   0   0   0   0   0   0   0   0   0   0   0   0   0\n    0   0   0   0   0   0   0   0   0   0]\n [  0   0   0   0   0   0   0   0   0   0   0   0   0   0   0   0   0   0\n    0   0   0   0   0   0   0   0   0   0]\n [  0   0   0   0   0   0   0   0   0   0   0   0   0   0   0   0   0   0\n    0   0   0   0   0   0   0   0   0   0]\n [  0   0   0   0   0   0   0   0   0   0   0   0   0   0   0   0   0   0\n    0   0   0   0   0   0   0   0   0   0]\n [  0   0   0   0   0   0   0   0   0   0   0   0   0   0   0   0   0   0\n    0   3   1   0   0   7   0  37   0   0]\n [  0   0   0   0   0   0   0   0   0   0   0   0   0   1   2   0  27  84\n   11   0   0   0   0   0   0 119   0   0]\n [  0   0   0   0   0   0   0   0   0   0   0   0   0   1   0   0  88 143\n  110   0   0   0   0  22  93 106   0   0]\n [  0   0   0   0   0   0   0   0   0   0   0   0   0   4   0  53 129 120\n  147 175 157 166 135 154 168 140   0   0]\n [  0   0   0   0   0   0   0   0   0   0   0   0   2   0  11 137 130 128\n  160 176 159 167 178 149 151 144   0   0]\n [  0   0   0   0   0   0   1   0   2   1   0   3   0   0 115 114 106 137\n  168 153 156 165 167 143 157 158  11   0]\n [  0   0   0   0   1   0   0   0   0   0   3   0   0  89 139  90  94 153\n  149 131 151 169 172 143 159 169  48   0]\n [  0   0   0   0   0   0   2   4   1   0   0   0  98 136 110 109 110 162\n  135 144 149 159 167 144 158 169 119   0]\n [  0   0   2   2   1   2   0   0   0   0  26 108 117  99 111 117 136 156\n  134 154 154 156 160 141 147 156 178   0]\n [  3   0   0   0   0   0   0  21  53  92 117 111 103 115 129 134 143 154\n  165 170 154 151 154 143 138 150 165  43]\n [  0   0  23  54  65  76  85 118 128 123 111 113 118 127 125 139 133 136\n  160 140 155 161 144 155 172 161 189  62]\n [  0  68  94  90 111 114 111 114 115 127 135 136 143 126 127 151 154 143\n  148 125 162 162 144 138 153 162 196  58]\n [ 70 169 129 104  98 100  94  97  98 102 108 106 119 120 129 149 156 167\n  190 190 196 198 198 187 197 189 184  36]\n [ 16 126 171 188 188 184 171 153 135 120 126 127 146 185 195 209 208 255\n  209 177 245 252 251 251 247 220 206  49]\n [  0   0   0  12  67 106 164 185 199 210 211 210 208 190 150  82   8   0\n    0   0 178 208 188 175 162 158 151  11]\n [  0   0   0   0   0   0   0   0   0   0   0   0   0   0   0   0   0   0\n    0   0   0   0   0   0   0   0   0   0]\n [  0   0   0   0   0   0   0   0   0   0   0   0   0   0   0   0   0   0\n    0   0   0   0   0   0   0   0   0   0]\n [  0   0   0   0   0   0   0   0   0   0   0   0   0   0   0   0   0   0\n    0   0   0   0   0   0   0   0   0   0]\n [  0   0   0   0   0   0   0   0   0   0   0   0   0   0   0   0   0   0\n    0   0   0   0   0   0   0   0   0   0]\n [  0   0   0   0   0   0   0   0   0   0   0   0   0   0   0   0   0   0\n    0   0   0   0   0   0   0   0   0   0]\n [  0   0   0   0   0   0   0   0   0   0   0   0   0   0   0   0   0   0\n    0   0   0   0   0   0   0   0   0   0]]', '2018-08-02 10:51:45', 1),
(329, 19, 15, 21, 'mm', '2018-08-02 10:51:51', 1),
(330, 19, 21, 15, '[[  0   0   0   0   0   0   0   0   0   0   0   0   0   0   0   0   0   0\n    0   0   0   0   0   0   0   0   0   0]\n [  0   0   0   0   0   0   0   0   0   0   0   0   0   0   0   0   0   0\n    0   0   0   0   0   0   0   0   0   0]\n [  0   0   0   0   0   0   0   0   0   0   0   0   0   0   0   0   0   0\n    0   0   0   0   0   0   0   0   0   0]\n [  0   0   0   0   0   0   0   0   0   0   0   0   0   0   0   0   0   0\n    0   0   0   0   0   0   0   0   0   0]\n [  0   0   0   0   0   0   0   0   0   0   0   0   0   0   0   0   0   0\n    0   0   0   0   0   0   0   0   0   0]\n [  0   0   0   0   0   0   0   0   0   0   0   0   0   0   0   0   0   0\n    0   0   0   0   0   0   0   0   0   0]\n [  0   0   0   0   0   0   0   0   0   0   0   0   0   0   0   0   0   0\n    0   0   0   0   0   0   0   0   0   0]\n [  0   0   0   0   0   0   0   0   0   0   0   0   0   0   0   0   0   0\n    0   3   1   0   0   7   0  37   0   0]\n [  0   0   0   0   0   0   0   0   0   0   0   0   0   1   2   0  27  84\n   11   0   0   0   0   0   0 119   0   0]\n [  0   0   0   0   0   0   0   0   0   0   0   0   0   1   0   0  88 143\n  110   0   0   0   0  22  93 106   0   0]\n [  0   0   0   0   0   0   0   0   0   0   0   0   0   4   0  53 129 120\n  147 175 157 166 135 154 168 140   0   0]\n [  0   0   0   0   0   0   0   0   0   0   0   0   2   0  11 137 130 128\n  160 176 159 167 178 149 151 144   0   0]\n [  0   0   0   0   0   0   1   0   2   1   0   3   0   0 115 114 106 137\n  168 153 156 165 167 143 157 158  11   0]\n [  0   0   0   0   1   0   0   0   0   0   3   0   0  89 139  90  94 153\n  149 131 151 169 172 143 159 169  48   0]\n [  0   0   0   0   0   0   2   4   1   0   0   0  98 136 110 109 110 162\n  135 144 149 159 167 144 158 169 119   0]\n [  0   0   2   2   1   2   0   0   0   0  26 108 117  99 111 117 136 156\n  134 154 154 156 160 141 147 156 178   0]\n [  3   0   0   0   0   0   0  21  53  92 117 111 103 115 129 134 143 154\n  165 170 154 151 154 143 138 150 165  43]\n [  0   0  23  54  65  76  85 118 128 123 111 113 118 127 125 139 133 136\n  160 140 155 161 144 155 172 161 189  62]\n [  0  68  94  90 111 114 111 114 115 127 135 136 143 126 127 151 154 143\n  148 125 162 162 144 138 153 162 196  58]\n [ 70 169 129 104  98 100  94  97  98 102 108 106 119 120 129 149 156 167\n  190 190 196 198 198 187 197 189 184  36]\n [ 16 126 171 188 188 184 171 153 135 120 126 127 146 185 195 209 208 255\n  209 177 245 252 251 251 247 220 206  49]\n [  0   0   0  12  67 106 164 185 199 210 211 210 208 190 150  82   8   0\n    0   0 178 208 188 175 162 158 151  11]\n [  0   0   0   0   0   0   0   0   0   0   0   0   0   0   0   0   0   0\n    0   0   0   0   0   0   0   0   0   0]\n [  0   0   0   0   0   0   0   0   0   0   0   0   0   0   0   0   0   0\n    0   0   0   0   0   0   0   0   0   0]\n [  0   0   0   0   0   0   0   0   0   0   0   0   0   0   0   0   0   0\n    0   0   0   0   0   0   0   0   0   0]\n [  0   0   0   0   0   0   0   0   0   0   0   0   0   0   0   0   0   0\n    0   0   0   0   0   0   0   0   0   0]\n [  0   0   0   0   0   0   0   0   0   0   0   0   0   0   0   0   0   0\n    0   0   0   0   0   0   0   0   0   0]\n [  0   0   0   0   0   0   0   0   0   0   0   0   0   0   0   0   0   0\n    0   0   0   0   0   0   0   0   0   0]]', '2018-08-02 10:51:56', 1),
(331, 19, 15, 21, '[]', '2018-08-02 10:52:02', 1),
(332, 19, 21, 15, 'а контрл ентера еще нет ?', '2018-08-02 10:52:09', 1),
(333, 19, 21, 15, 'нужно \\n вручную писать ', '2018-08-02 10:52:17', 1),
(334, 19, 15, 21, '(  .  ) (  .  )', '2018-08-02 10:52:25', 1),
(335, 19, 15, 21, 'перенос заблокирован ) ', '2018-08-02 10:52:48', 1),
(336, 19, 21, 15, 'ну в общем то был туфель в виде нампай масива', '2018-08-02 10:54:35', 1),
(337, 19, 15, 21, '00', '2018-08-02 10:54:49', 1),
(338, 19, 15, 21, 'хорош ) ', '2018-08-02 10:54:53', 1),
(339, 19, 21, 15, 'прямо как в матрице', '2018-08-02 10:55:00', 1),
(340, 5, 13, 15, '123', '2018-08-02 10:55:17', 1),
(341, 5, 13, 15, 'ячс', '2018-08-02 10:55:25', 1),
(342, 23, 14, 21, '123', '2018-08-02 10:55:48', 1),
(343, 3, 14, 13, 'ячс', '2018-08-02 10:55:56', 1),
(344, 3, 14, 13, 'в', '2018-08-02 10:56:07', 1),
(345, 5, 15, 13, 'ккк', '2018-08-02 10:56:15', 1),
(346, 19, 21, 15, 'что-то мне виликнуло что новое сообщение но новых сообщений нет', '2018-08-02 10:56:20', 1),
(347, 19, 15, 21, 'какраз это и тестирую ', '2018-08-02 10:56:32', 1),
(348, 19, 15, 21, 'там приколяха блин одна есть', '2018-08-02 10:56:39', 1),
(349, 19, 15, 21, 'там последнее сообщение обновилось ', '2018-08-02 10:56:53', 1),
(350, 19, 15, 21, 'а кружочка нет', '2018-08-02 10:56:57', 1),
(351, 22, 21, 23, 'Лок’тар огар!', '2018-08-02 10:57:59', 1),
(352, 5, 13, 15, 'фв', '2018-08-02 10:58:11', 1),
(353, 3, 14, 13, 'туц ', '2018-08-02 11:02:30', 1),
(354, 3, 14, 13, 'ячс', '2018-08-02 11:03:03', 1),
(355, 3, 14, 13, 'фыв', '2018-08-02 11:03:05', 1),
(356, 6, 14, 15, 'фыв', '2018-08-02 11:03:26', 1),
(357, 6, 14, 15, 'ячсм', '2018-08-02 11:03:33', 1),
(358, 6, 14, 15, 'йй', '2018-08-02 11:03:42', 1),
(359, 6, 15, 14, 'фвы', '2018-08-02 11:03:47', 1),
(360, 23, 14, 21, 'туц туц', '2018-08-02 11:04:08', 1),
(361, 19, 15, 21, 'кружочки должны пофиксится', '2018-08-02 11:04:29', 1),
(362, 23, 21, 14, 'тыц трендыц', '2018-08-02 11:04:32', 1),
(363, 23, 21, 14, 'да кружоки не пропадают когда я открываю чат', '2018-08-02 11:04:47', 1),
(364, 23, 21, 14, 'но обнуляются когда написал', '2018-08-02 11:04:52', 1),
(365, 23, 14, 21, 'хм', '2018-08-02 11:05:01', 1),
(366, 19, 21, 15, 'фыв', '2018-08-02 11:05:03', 1),
(367, 23, 14, 21, 'мб дж не обновился какой-то', '2018-08-02 11:05:10', 1),
(368, 23, 21, 14, 'хмм', '2018-08-02 11:05:15', 1),
(369, 23, 21, 14, 'вот сейчас обновился', '2018-08-02 11:05:20', 1),
(370, 23, 21, 14, 'тоесть он повисел секунды 2-3 потом в 0 сбросился', '2018-08-02 11:05:33', 1),
(371, 23, 14, 21, 'у меня просто при заходе в чат убираются норм', '2018-08-02 11:05:36', 1),
(372, 23, 14, 21, 'хммм', '2018-08-02 11:05:42', 1),
(373, 23, 14, 21, 'мб захешировался жс', '2018-08-02 11:05:56', 1),
(374, 23, 21, 14, 'сек', '2018-08-02 11:05:59', 1),
(375, 23, 21, 14, 'обновлюсь ', '2018-08-02 11:06:02', 1),
(376, 23, 21, 14, 'через пару сек напиши', '2018-08-02 11:06:06', 1),
(377, 23, 14, 21, 'алерт', '2018-08-02 11:06:15', 1),
(378, 23, 14, 21, 'пожар', '2018-08-02 11:06:18', 1),
(379, 23, 21, 14, 'оо', '2018-08-02 11:06:19', 1),
(380, 23, 21, 14, 'работает', '2018-08-02 11:06:22', 1),
(381, 23, 21, 14, 'не пожар а агонь', '2018-08-02 11:06:31', 1),
(382, 23, 14, 21, 'ан правильном чате ?)', '2018-08-02 11:06:31', 1),
(383, 23, 21, 14, 'тоетсь ?', '2018-08-02 11:06:38', 1),
(384, 23, 14, 21, 'ну типа кружочек раньше повлялся на другом чате ) ', '2018-08-02 11:06:55', 1),
(385, 23, 21, 14, 'а анпиши с романа', '2018-08-02 11:07:28', 1),
(386, 23, 21, 14, 'точнее Романа', '2018-08-02 11:07:38', 1),
(387, 6, 15, 14, 'д', '2018-08-02 11:09:39', 1),
(388, 23, 21, 14, 'даа', '2018-08-02 11:18:29', 1),
(389, 23, 14, 21, 'а', '2018-08-02 11:18:39', 1),
(390, 23, 21, 14, 'терзерфов работает малец быстрее чем мой былокод ))', '2018-08-02 11:18:44', 1),
(391, 19, 15, 21, 'пишу', '2018-08-02 11:18:46', 1),
(392, 19, 15, 21, 'лолкек', '2018-08-02 11:19:02', 1),
(393, 19, 15, 21, 'кеклол', '2018-08-02 11:19:10', 1),
(394, 20, 20, 21, 'це буде таємницею ', '2018-08-02 11:19:26', 1),
(395, 19, 15, 21, 'фівячс', '2018-08-02 11:19:32', 1),
(396, 20, 21, 20, 'да я уже глянул ))', '2018-08-02 11:19:49', 1),
(397, 20, 21, 20, 'так что таемниця не таемна ))', '2018-08-02 11:19:58', 1),
(398, 23, 21, 14, 'дак вот', '2018-08-02 11:20:20', 1),
(399, 23, 21, 14, 'тут 5 епох по 60к', '2018-08-02 11:20:29', 1),
(400, 23, 21, 14, 'причем тут не 4 нейрона а 128', '2018-08-02 11:20:38', 1),
(401, 23, 21, 14, 'дак они считаются быстрее чем мои 30 000', '2018-08-02 11:20:51', 1),
(402, 20, 20, 21, 'ой всьо', '2018-08-02 11:55:41', 1),
(403, 23, 21, 14, 'ugh]', '2018-08-02 15:09:32', 1),
(404, 23, 21, 14, 'арел', '2018-08-02 15:14:46', 1),
(405, 23, 21, 14, 'арел влетел в воздушный поток', '2018-08-02 15:14:54', 1),
(411, 24, 14, 23, 'asd', '2018-08-03 10:24:46', 1),
(412, 8, 15, 16, 'Ну что ', '2018-08-04 07:22:46', 1),
(413, 8, 15, 16, 'Приветики', '2018-08-04 07:22:48', 1),
(414, 8, 15, 16, 'Я ,', '2018-08-04 07:22:54', 1),
(415, 8, 15, 16, '?', '2018-08-04 07:22:54', 1),
(416, 8, 15, 16, 'спамер ?', '2018-08-04 07:22:57', 1),
(417, 8, 16, 15, 'wo o o o o o o o o w', '2018-08-04 07:23:19', 1),
(418, 8, 16, 15, 'ohhhh sometimes', '2018-08-04 07:23:21', 1),
(419, 8, 15, 16, 'секси бейба ', '2018-08-04 07:23:34', 1),
(420, 8, 16, 15, 'wah', '2018-08-04 07:24:03', 1),
(421, 8, 16, 15, 'bug', '2018-08-04 07:24:06', 1),
(422, 8, 16, 15, 'жизни моей', '2018-08-04 07:24:08', 1),
(423, 9, 16, 17, 'bnv', '2018-08-04 07:25:28', 0),
(424, 8, 16, 15, 'vetlya', '2018-08-04 07:25:52', 1),
(425, 8, 15, 16, 'рш', '2018-08-04 07:43:02', 1),
(426, 8, 15, 16, 'Popularnaya chatka', '2018-08-04 07:43:27', 1),
(427, 8, 15, 16, 'Как делишки ,', '2018-08-04 08:33:56', 1),
(428, 6, 14, 15, '123', '2018-08-04 08:44:13', 1),
(429, 7, 16, 13, 'по всем вопросам пиши сюда', '2018-08-04 08:51:54', 0),
(430, 7, 16, 13, 'нужно поддерживать проивзодителя', '2018-08-04 08:52:05', 0),
(431, 8, 15, 16, '123', '2018-08-04 08:53:05', 1),
(432, 8, 15, 16, 'Snow', '2018-08-04 08:53:15', 1),
(433, 8, 16, 15, 'you know nothing!', '2018-08-04 08:54:26', 1),
(434, 8, 16, 15, 'любишь фанк?', '2018-08-04 08:54:39', 1),
(435, 8, 15, 16, '?', '2018-08-04 08:54:46', 1),
(436, 8, 15, 16, 'что это ? ', '2018-08-04 08:54:47', 1),
(437, 8, 16, 15, 'жанр музыки', '2018-08-04 08:56:42', 1),
(438, 8, 16, 15, '))))))))))))))))', '2018-08-04 08:56:44', 1),
(439, 8, 16, 15, 'funk', '2018-08-04 08:56:52', 1),
(440, 8, 15, 16, 'я все слушаю ) ', '2018-08-04 08:57:03', 1),
(441, 8, 16, 15, 'хочешь', '2018-08-04 08:57:22', 1),
(442, 8, 16, 15, 'послушать', '2018-08-04 08:57:24', 1),
(443, 8, 16, 15, '?', '2018-08-04 08:57:27', 1),
(444, 8, 15, 16, 'Заманчивое предложение ) ', '2018-08-04 08:57:37', 1),
(445, 8, 15, 16, ',', '2018-08-04 08:57:44', 1),
(446, 8, 15, 16, 'йц', '2018-08-04 08:57:45', 1),
(447, 8, 15, 16, 'уйцу', '2018-08-04 08:57:46', 1),
(448, 8, 16, 15, 'не йцукай тут мне', '2018-08-04 08:57:53', 1),
(449, 8, 16, 15, 'у тебя лицо испуганное', '2018-08-04 08:58:05', 1),
(450, 8, 15, 16, 'странно коенчно получилось ', '2018-08-04 08:58:07', 1),
(451, 8, 15, 16, 'потомучто звук должен быть только тогда когда ты не видишь что тебе пишут ) ', '2018-08-04 08:58:22', 1),
(452, 8, 15, 16, 'а еще я сам слышу звуки своих же сообщений ) ', '2018-08-04 08:58:35', 1),
(453, 8, 15, 16, 'а не должен ) ', '2018-08-04 08:58:38', 1),
(454, 8, 16, 15, 'keklol', '2018-08-04 08:59:14', 1),
(455, 8, 15, 16, 'та жесть какая-то ', '2018-08-04 09:03:39', 1),
(456, 8, 15, 16, 'бред ', '2018-08-04 09:03:44', 1),
(457, 8, 15, 16, 'yfgbib vyt xnj-nj', '2018-08-04 09:18:30', 1),
(458, 8, 15, 16, 'напиши мне что-то', '2018-08-04 09:18:34', 1),
(459, 6, 14, 15, 'ячс', '2018-08-04 09:18:54', 1),
(460, 6, 14, 15, 'йцу', '2018-08-04 09:18:56', 1),
(461, 6, 14, 15, 'фыв', '2018-08-04 09:18:57', 1),
(462, 6, 14, 15, 'ячс', '2018-08-04 09:18:59', 1),
(463, 6, 14, 15, 'фыв', '2018-08-04 09:19:00', 1),
(464, 6, 14, 15, 'фыв', '2018-08-04 09:20:53', 1),
(465, 6, 14, 15, 'йцу', '2018-08-04 09:21:14', 1),
(466, 6, 14, 15, 'лваы', '2018-08-04 09:21:31', 1),
(467, 6, 14, 15, 'ыва', '2018-08-04 09:21:32', 1),
(468, 6, 14, 15, 'ыв', '2018-08-04 09:21:32', 1),
(469, 6, 14, 15, 'аы', '2018-08-04 09:21:32', 1),
(470, 6, 14, 15, 'ва', '2018-08-04 09:21:32', 1),
(471, 6, 14, 15, 'ыв', '2018-08-04 09:21:32', 1),
(472, 6, 14, 15, 'а', '2018-08-04 09:21:32', 1),
(473, 6, 14, 15, 'п', '2018-08-04 09:21:35', 1),
(474, 8, 16, 15, 'odinochestvo svoloch\'', '2018-08-04 09:21:35', 1),
(475, 6, 14, 15, 'ывьр', '2018-08-04 09:21:37', 1),
(476, 8, 16, 15, 'привет', '2018-08-04 09:21:41', 1),
(477, 8, 16, 15, 'черепахи в крови', '2018-08-04 09:21:45', 1),
(478, 8, 16, 15, 'корни белки', '2018-08-04 09:21:47', 1),
(479, 8, 16, 15, 'ты грызун', '2018-08-04 09:21:49', 1),
(480, 8, 16, 15, 'а ты что дуал', '2018-08-04 09:21:59', 1),
(481, 8, 16, 15, 'я с тобой тут в игры играю', '2018-08-04 09:22:03', 1),
(482, 8, 16, 15, 'молодой', '2018-08-04 09:22:05', 1),
(483, 8, 15, 16, 'не играй', '2018-08-04 09:22:13', 1),
(484, 8, 15, 16, 'ты что игрушка ?', '2018-08-04 09:22:22', 1),
(485, 8, 16, 15, 'любишь', '2018-08-04 09:22:22', 1),
(486, 8, 16, 15, 'метал?', '2018-08-04 09:22:25', 1),
(487, 8, 16, 15, 'лол???', '2018-08-04 09:22:27', 1),
(488, 8, 16, 15, 'ты не лбишь играть в игры?', '2018-08-04 09:22:32', 1),
(489, 8, 15, 16, 'играть в игрушки люблю', '2018-08-04 09:22:39', 1),
(490, 8, 15, 16, 'я люблю алюминий', '2018-08-04 09:22:56', 1),
(491, 8, 15, 16, 'золото', '2018-08-04 09:22:58', 1),
(492, 8, 15, 16, 'и другие цветастые металы', '2018-08-04 09:23:06', 1),
(493, 8, 15, 16, 'а еще звук метала', '2018-08-04 09:23:11', 1),
(494, 8, 16, 15, 'музыка жанр', '2018-08-04 09:24:02', 1),
(495, 8, 16, 15, 'вас', '2018-08-04 09:24:03', 1),
(496, 8, 16, 15, 'я', '2018-08-04 09:24:04', 1),
(497, 8, 15, 16, 'вас ты', '2018-08-04 09:24:24', 1),
(498, 8, 16, 15, 'фывапро', '2018-08-04 09:25:03', 1),
(499, 8, 16, 15, 'ывапро', '2018-08-04 09:25:09', 1),
(500, 8, 16, 15, 'еще', '2018-08-04 09:25:10', 1),
(501, 8, 16, 15, 'больш етебе да', '2018-08-04 09:25:12', 1),
(502, 8, 16, 15, 'мало ', '2018-08-04 09:25:13', 1),
(503, 8, 16, 15, 'да', '2018-08-04 09:25:14', 1),
(504, 8, 16, 15, 'давзлапщфоах', '2018-08-04 09:25:16', 1),
(505, 8, 16, 15, 'отщфав', '2018-08-04 09:25:16', 1),
(506, 8, 16, 15, 'ваилфзаоиёфащоиёхщоаихщфоиоаи', '2018-08-04 09:25:17', 1),
(507, 8, 16, 15, 'фаиоэзфащитёфзщаи', '2018-08-04 09:25:18', 1),
(508, 8, 16, 15, 'фаоиёхщфоаиёхщфариёфщарищфзвирфщваи', '2018-08-04 09:25:20', 1),
(509, 8, 16, 15, 'калайсым баурум', '2018-08-04 09:25:23', 1),
(510, 8, 16, 15, 'виталисалли', '2018-08-04 09:25:26', 1),
(511, 6, 14, 15, '123', '2018-08-04 09:25:55', 1),
(512, 6, 15, 14, '123', '2018-08-04 09:27:39', 1),
(513, 6, 14, 15, 'фыв', '2018-08-04 09:27:52', 1),
(514, 6, 14, 15, 'а', '2018-08-04 09:27:55', 1),
(515, 6, 14, 15, 'фыв', '2018-08-04 09:28:01', 1),
(516, 21, 15, 23, 'йцу', '2018-08-04 09:57:48', 1),
(517, 21, 15, 23, 'фів', '2018-08-04 10:04:17', 1),
(518, 21, 23, 15, ',k', '2018-08-04 11:04:30', 1),
(519, 21, 23, 15, 'бла', '2018-08-04 11:04:32', 1),
(520, 21, 23, 15, 'фв', '2018-08-04 11:04:33', 1),
(521, 22, 23, 21, 'фыв', '2018-08-04 11:04:36', 1),
(522, 6, 14, 15, 'дщд', '2018-08-06 15:48:10', 1),
(523, 6, 14, 15, 'фів', '2018-08-06 15:57:21', 1),
(524, 6, 15, 14, 'ячс', '2018-08-06 15:57:33', 1),
(525, 6, 15, 14, 'qwe', '2018-08-06 15:58:41', 1),
(526, 6, 15, 14, 'zxc', '2018-08-06 15:58:48', 1),
(527, 19, 15, 21, 'фів', '2018-08-06 16:51:13', 1),
(528, 19, 15, 21, 'ячс', '2018-08-06 16:51:17', 1),
(529, 19, 15, 21, 'йцу', '2018-08-06 16:51:22', 1),
(530, 19, 15, 21, 'ф', '2018-08-06 16:52:05', 1),
(531, 19, 15, 21, 'йцу', '2018-08-06 16:52:10', 1),
(532, 19, 15, 21, 'qe32', '2018-08-06 16:54:53', 1),
(533, 19, 15, 21, 'asd', '2018-08-06 16:55:07', 1),
(534, 19, 15, 21, 'zxc', '2018-08-06 16:56:07', 0),
(535, 19, 15, 21, 'asd', '2018-08-06 16:56:11', 0),
(536, 19, 15, 21, 'qwe', '2018-08-06 16:57:48', 0),
(537, 19, 15, 21, 'asd', '2018-08-06 16:59:00', 0),
(538, 19, 15, 21, 'zxc', '2018-08-06 16:59:02', 0),
(539, 21, 15, 23, 'asdqowbudo]', '2018-08-10 07:28:20', 1),
(540, 21, 15, 23, 'asdasd', '2018-08-10 07:28:23', 1),
(541, 21, 15, 23, 'asdqasd', '2018-08-10 07:28:25', 1),
(542, 21, 15, 23, 'zxc', '2018-08-10 07:28:28', 1),
(543, 8, 15, 16, 'Lolkek', '2018-08-11 07:44:30', 1),
(544, 8, 15, 16, 'lolkek', '2018-08-11 07:44:36', 1),
(545, 8, 15, 16, 'fdjl', '2018-08-11 07:44:37', 1),
(546, 8, 15, 16, 'asd', '2018-08-11 07:46:03', 1),
(547, 8, 15, 16, 'as', '2018-08-11 07:46:05', 1),
(548, 17, 15, 20, 'zxc', '2018-08-11 10:38:18', 0),
(549, 8, 15, 16, 'zzz', '2018-08-11 10:38:39', 1),
(550, 8, 15, 16, 'asd', '2018-08-11 10:41:35', 1),
(551, 8, 15, 16, 'asd', '2018-08-11 10:44:40', 1),
(552, 8, 15, 16, 'zxc', '2018-08-11 10:44:41', 1),
(553, 8, 15, 16, 'q', '2018-08-11 10:44:43', 1),
(554, 8, 15, 16, '1', '2018-08-11 10:44:45', 1),
(555, 5, 15, 13, 'Lolkek ?', '2018-08-11 10:45:42', 0),
(556, 8, 16, 15, 'lala', '2018-08-11 11:48:39', 1),
(557, 5, 15, 13, 'aklsfj;sadjif;go', '2018-08-11 12:46:06', 0),
(558, 8, 15, 16, 'Приветики', '2018-08-11 13:33:30', 1),
(559, 8, 15, 16, 'че как ? ', '2018-08-11 13:33:33', 1),
(560, 8, 16, 15, 'непофикшенное 1 сообщение', '2018-08-11 14:40:09', 1),
(561, 8, 15, 16, '&', '2018-08-11 14:48:06', 1),
(562, 8, 15, 16, 'я пофиксил все уже', '2018-08-11 14:48:10', 1),
(563, 8, 15, 16, 'если что )', '2018-08-11 14:48:13', 1),
(564, 8, 15, 16, 'уже все пофикшено ) ', '2018-08-11 14:48:18', 1),
(565, 8, 16, 15, 'YTN', '2018-08-11 14:49:11', 1),
(566, 8, 16, 15, 'net', '2018-08-11 14:49:13', 1),
(567, 8, 16, 15, 'admin petuh', '2018-08-11 14:49:17', 1),
(568, 8, 15, 16, 'єтот баг только у тебя', '2018-08-11 14:49:28', 1),
(569, 8, 16, 15, 'double messages', '2018-08-11 14:49:35', 1),
(570, 8, 16, 15, 'as', '2018-08-11 14:49:47', 1),
(571, 8, 15, 16, 'asd', '2018-08-11 14:50:58', 1),
(572, 8, 15, 16, 'zxc', '2018-08-11 14:51:01', 1),
(573, 8, 15, 16, '123', '2018-08-11 14:51:04', 1),
(574, 8, 15, 16, 'f', '2018-08-11 14:51:06', 1),
(575, 8, 16, 15, 'sdfg', '2018-08-11 14:51:23', 1),
(576, 8, 16, 15, 'nu norm!!!!!!!!!!!!!!', '2018-08-11 14:51:27', 1),
(577, 8, 16, 15, 'admin polupetuh', '2018-08-11 14:51:31', 1),
(578, 8, 16, 15, 'are you!!!!?? ? ? |', '2018-08-11 14:52:24', 1),
(579, 8, 16, 15, 'isjdkf', '2018-08-11 14:52:28', 1),
(580, 8, 16, 15, 'think about it!!!!!!!!!', '2018-08-11 14:52:31', 1),
(581, 8, 16, 15, 'i know nothin', '2018-08-11 14:52:36', 1),
(582, 8, 16, 15, 'g', '2018-08-11 14:52:37', 1),
(583, 8, 16, 15, 'slave', '2018-08-11 14:52:41', 1),
(584, 8, 16, 15, 'keep silent', '2018-08-11 14:52:45', 1),
(585, 8, 16, 15, 'asdfghjhgf', '2018-08-11 14:54:06', 1),
(586, 8, 16, 15, 'tupoi js', '2018-08-11 14:54:11', 1),
(587, 8, 16, 15, 'lalalalaaala', '2018-08-11 14:54:19', 1),
(588, 8, 16, 15, 'shunik', '2018-08-11 14:54:21', 1),
(589, 8, 16, 15, 'esho', '2018-08-11 14:54:26', 1),
(590, 8, 16, 15, 'mooore', '2018-08-11 14:54:27', 1),
(591, 8, 16, 15, 'MOOOORE', '2018-08-11 14:54:28', 1),
(592, 8, 16, 15, 'MOOOORE', '2018-08-11 14:54:30', 1),
(593, 8, 16, 15, 'MORE', '2018-08-11 14:54:30', 1),
(594, 8, 16, 15, 'harder', '2018-08-11 14:54:34', 1),
(595, 8, 16, 15, 'faster', '2018-08-11 14:54:36', 1),
(596, 8, 16, 15, 'more', '2018-08-11 14:54:37', 1),
(597, 8, 16, 15, 'wertyuio', '2018-08-11 14:54:57', 1),
(598, 8, 16, 15, 'vitalik', '2018-08-11 14:55:02', 1),
(599, 8, 16, 15, 'lolkek', '2018-08-11 14:55:03', 1),
(600, 8, 16, 15, 'sobaka', '2018-08-11 14:55:04', 1),
(601, 8, 16, 15, 'pes', '2018-08-11 14:55:05', 1),
(602, 8, 16, 15, 'ot', '2018-08-11 14:55:07', 1),
(603, 8, 16, 15, 'dont touch my profile!!!!!!!!!', '2018-08-11 14:55:17', 1),
(604, 8, 16, 15, 'извини виталик', '2018-08-11 14:55:26', 1),
(605, 8, 16, 15, 'меня взломали', '2018-08-11 14:55:28', 1),
(606, 8, 16, 15, 'то не я писала', '2018-08-11 14:55:33', 1),
(607, 8, 16, 15, 'апр', '2018-08-11 14:57:30', 1),
(608, 8, 16, 15, 'аооаоаоа', '2018-08-11 14:57:31', 1),
(609, 8, 16, 15, 'ооо госпади', '2018-08-11 14:57:34', 1),
(610, 8, 16, 15, 'прости', '2018-08-11 14:57:36', 1),
(611, 8, 16, 15, 'апролрпавыфвапр', '2018-08-11 14:57:38', 1),
(612, 8, 16, 15, 'аппр', '2018-08-11 14:57:38', 1),
(613, 8, 16, 15, 'пр', '2018-08-11 14:57:39', 1),
(614, 8, 16, 15, 'пр', '2018-08-11 14:57:39', 1),
(615, 8, 16, 15, 'п', '2018-08-11 14:57:39', 1),
(616, 8, 16, 15, 'р', '2018-08-11 14:57:39', 1),
(617, 8, 16, 15, 'рп', '2018-08-11 14:57:40', 1),
(618, 8, 16, 15, 'ррп', '2018-08-11 14:57:40', 1),
(619, 8, 16, 15, 'матча ин да хаус', '2018-08-11 14:57:43', 1),
(620, 8, 16, 15, 'лицо попроще', '2018-08-11 14:57:50', 1),
(621, 8, 15, 16, 'sve ploha]', '2018-08-11 14:57:58', 1),
(622, 8, 15, 16, 'WSE PLOHA !', '2018-08-11 14:58:26', 1),
(623, 8, 16, 15, 'та оно видно', '2018-08-11 14:59:18', 1),
(624, 8, 16, 15, 'nicho pofiksish', '2018-08-11 14:59:25', 1),
(625, 8, 16, 15, 'i budet', '2018-08-11 14:59:27', 1),
(626, 8, 16, 15, 'happy 125', '2018-08-11 14:59:30', 1),
(627, 8, 16, 15, 'piva pop\'esh\'', '2018-08-11 14:59:36', 1),
(628, 8, 16, 15, 'posle matcha ', '2018-08-11 14:59:40', 1),
(629, 8, 16, 15, 'a posle corewar', '2018-08-11 14:59:44', 1),
(630, 8, 16, 15, 'shot pokrepche', '2018-08-11 14:59:47', 1),
(631, 8, 16, 15, '=))))))))))))))))))))', '2018-08-11 14:59:49', 1),
(632, 8, 16, 15, 'hahahaha', '2018-08-11 14:59:55', 1),
(633, 8, 16, 15, 'пр', '2018-08-11 15:21:29', 1),
(634, 8, 16, 15, 'прпрпр', '2018-08-11 15:21:31', 1),
(635, 8, 15, 16, 'пир ту пир', '2018-08-11 15:22:15', 1),
(636, 8, 16, 15, 'птп', '2018-08-11 15:22:41', 1),
(637, 8, 15, 16, 'п т п', '2018-08-11 15:22:49', 1),
(638, 8, 16, 15, 'птн пнх', '2018-08-11 15:22:49', 1),
(639, 8, 16, 15, 'п2п', '2018-08-11 15:22:55', 1),
(640, 8, 16, 15, 'p2p', '2018-08-11 15:23:05', 1),
(641, 8, 16, 15, 'xcvbnm,', '2018-08-11 15:23:08', 1),
(642, 8, 16, 15, 'я пишу', '2018-08-11 15:23:09', 1),
(643, 8, 16, 15, 'и не думаю', '2018-08-11 15:23:11', 1),
(644, 8, 16, 15, '!!!!!!!!!!!!!!!!!!!!!!!!!!!!!!!!!!!!!!!!!!!!!Зхщшгнеквеыаспмролджэё', '2018-08-11 15:23:15', 1),
(645, 8, 15, 16, 'F', '2018-08-11 15:24:58', 1),
(646, 8, 16, 15, 'АЩАЩАЩА', '2018-08-11 15:25:05', 1),
(647, 8, 16, 15, 'ЖДРП', '2018-08-11 15:25:08', 1),
(648, 8, 15, 16, 'а мое', '2018-08-11 15:25:10', 1),
(649, 8, 16, 15, 'µјфыомолф', '2018-08-11 15:25:16', 1),
(650, 8, 15, 16, 'тебе приходит адекватно ?', '2018-08-11 15:25:16', 1),
(651, 8, 16, 15, 'а', '2018-08-11 15:25:17', 1),
(652, 8, 16, 15, 'а', '2018-08-11 15:25:17', 1),
(653, 8, 16, 15, 'а', '2018-08-11 15:25:17', 1),
(654, 8, 16, 15, 'а', '2018-08-11 15:25:18', 1),
(655, 8, 16, 15, 'а', '2018-08-11 15:25:18', 1),
(656, 8, 16, 15, 'а', '2018-08-11 15:25:18', 1),
(657, 8, 16, 15, 'а', '2018-08-11 15:25:19', 1),
(658, 8, 16, 15, 'а', '2018-08-11 15:25:19', 1),
(659, 8, 15, 16, 'івапї', '2018-08-11 15:25:19', 1),
(660, 8, 15, 16, 'по', '2018-08-11 15:25:22', 1),
(661, 8, 16, 15, 'збоку вижу', '2018-08-11 15:25:22', 1),
(662, 8, 16, 15, 'только ', '2018-08-11 15:25:23', 1),
(663, 8, 15, 16, 'обнови страничку', '2018-08-11 15:25:27', 1),
(664, 8, 15, 16, 'плс', '2018-08-11 15:25:28', 1),
(665, 8, 16, 15, 'аъ', '2018-08-11 15:25:35', 1),
(666, 8, 15, 16, 'іва', '2018-08-11 15:25:36', 1),
(667, 8, 16, 15, 'да', '2018-08-11 15:25:38', 1),
(668, 8, 16, 15, 'детка', '2018-08-11 15:25:39', 1),
(669, 8, 15, 16, 'точно ?', '2018-08-11 15:25:39', 1),
(670, 8, 16, 15, 'точщна', '2018-08-11 15:25:42', 1),
(671, 8, 15, 16, 'тощий я ?', '2018-08-11 15:25:46', 1),
(672, 8, 16, 15, 'А ЩАЩ АЩ АЩ АЩ АЩ АЩ АЩА АЩАЩАЩЩА     АЩА  АЩА  АЩА  АЩА ', '2018-08-11 15:27:12', 1),
(673, 8, 15, 16, 'wdfgs\\', '2018-08-11 17:44:38', 1),
(674, 8, 16, 15, 'ого', '2018-08-11 17:47:53', 1),
(675, 8, 16, 15, ' слуша', '2018-08-11 17:53:25', 1),
(676, 8, 16, 15, 'й', '2018-08-11 17:53:25', 1),
(677, 8, 15, 16, '?', '2018-08-11 17:53:40', 1),
(678, 8, 16, 15, 'он про пушсвапп', '2018-08-11 17:53:44', 1),
(679, 8, 16, 15, 'глаголит', '2018-08-11 17:53:49', 1),
(680, 8, 15, 16, 'Ujcgflb', '2018-08-11 17:53:55', 1),
(681, 8, 16, 15, 'просто кек лол', '2018-08-11 17:53:59', 1),
(682, 8, 15, 16, 'Этот чувак еще тот читер', '2018-08-11 17:54:02', 1),
(683, 8, 16, 15, 'читер?', '2018-08-11 17:54:11', 1),
(684, 8, 16, 15, 'откуда инфа?', '2018-08-11 17:54:13', 1),
(685, 8, 16, 15, 'тут безопасно говорит о таким ', '2018-08-11 17:54:17', 1),
(686, 8, 15, 16, 'спп бассейн посмотри его', '2018-08-11 17:54:23', 1),
(687, 8, 16, 15, 'щ', '2018-08-11 17:54:26', 1);
INSERT INTO `messages` (`id_message`, `id_chat_room`, `id_user_from`, `id_user_to`, `messadge`, `date_creation`, `read_status`) VALUES
(688, 8, 15, 16, 'говорят что изза него  спалили всех ', '2018-08-11 17:54:53', 1),
(689, 8, 15, 16, 'слухи так чисто ', '2018-08-11 17:54:58', 1),
(690, 8, 16, 15, 'ASDFGHJKL;', '2018-08-11 17:54:59', 1),
(691, 8, 16, 15, 'LOL', '2018-08-11 17:55:04', 1),
(692, 8, 16, 15, 'он сем рассказал?_)', '2018-08-11 17:55:09', 1),
(693, 8, 15, 16, 'он защитил день нассейна ', '2018-08-11 17:55:16', 1),
(694, 8, 16, 15, ' к е к ', '2018-08-11 17:55:22', 1),
(695, 8, 16, 15, 'витали', '2018-08-11 17:55:23', 1),
(696, 8, 16, 15, 'го скоро домой///////////////////', '2018-08-11 17:55:27', 1),
(697, 8, 15, 16, 'но день бассейна тот когда его вообще небыло ', '2018-08-11 17:55:28', 1),
(698, 8, 16, 15, ')))))))))))))))))))))))))))))))))))', '2018-08-11 17:55:31', 1),
(699, 8, 16, 15, ' ', '2018-08-11 17:55:32', 1),
(700, 8, 16, 15, 'а', '2018-08-11 17:55:35', 1),
(701, 8, 16, 15, 'я могу отправить пустое сообщение???', '2018-08-11 17:55:41', 1),
(702, 8, 16, 15, ' ', '2018-08-11 17:55:44', 1),
(703, 8, 15, 16, 'нет вообще-то', '2018-08-11 17:55:45', 1),
(704, 8, 16, 15, '                                      ', '2018-08-11 17:55:46', 1),
(705, 8, 15, 16, 'хотел спросить', '2018-08-11 17:55:48', 1),
(706, 8, 16, 15, '                ', '2018-08-11 17:55:48', 1),
(707, 8, 16, 15, '                       ', '2018-08-11 17:55:50', 1),
(708, 8, 16, 15, ' ', '2018-08-11 17:55:50', 1),
(709, 8, 16, 15, ' ', '2018-08-11 17:55:50', 1),
(710, 8, 16, 15, ' ', '2018-08-11 17:55:51', 1),
(711, 8, 16, 15, ' ', '2018-08-11 17:55:51', 1),
(712, 8, 15, 16, 'как , ', '2018-08-11 17:55:51', 1),
(713, 8, 16, 15, ' ', '2018-08-11 17:55:51', 1),
(714, 8, 16, 15, ' ', '2018-08-11 17:55:51', 1),
(715, 8, 16, 15, ' ', '2018-08-11 17:55:52', 1),
(716, 8, 15, 16, 'аа', '2018-08-11 17:55:52', 1),
(717, 8, 16, 15, '                                                           ', '2018-08-11 17:55:58', 1),
(718, 8, 15, 16, 'Лол куу', '2018-08-11 17:56:15', 1),
(719, 8, 16, 15, ' ', '2018-08-11 17:56:34', 1),
(720, 8, 16, 15, ' ', '2018-08-11 17:56:34', 1),
(721, 8, 16, 15, ' ', '2018-08-11 17:56:35', 1),
(722, 8, 16, 15, ' ', '2018-08-11 17:56:35', 1),
(723, 8, 16, 15, ' ', '2018-08-11 17:56:36', 1),
(724, 8, 16, 15, ' ', '2018-08-11 17:56:36', 1),
(725, 8, 16, 15, ' ', '2018-08-11 17:56:37', 1),
(726, 8, 16, 15, ' ', '2018-08-11 17:56:37', 1),
(727, 8, 16, 15, ' ', '2018-08-11 17:56:37', 1),
(728, 8, 16, 15, ' ', '2018-08-11 17:56:38', 1),
(729, 8, 16, 15, '   ', '2018-08-11 17:56:39', 1),
(730, 8, 16, 15, ' ', '2018-08-11 17:56:39', 1),
(731, 8, 16, 15, 'fgjk', '2018-08-11 17:58:46', 1),
(732, 8, 16, 15, ' ', '2018-08-11 17:58:46', 1),
(733, 8, 16, 15, ' ', '2018-08-11 17:58:47', 1),
(734, 8, 16, 15, ' ', '2018-08-11 17:58:47', 1),
(735, 8, 16, 15, ' ', '2018-08-11 17:58:47', 1),
(736, 8, 16, 15, 'dfggf', '2018-08-11 17:58:48', 1),
(737, 8, 16, 15, 'fgghgh', '2018-08-11 17:58:49', 1),
(738, 8, 16, 15, 'gh', '2018-08-11 17:58:50', 1),
(739, 8, 16, 15, 'gh', '2018-08-11 17:58:50', 1),
(740, 8, 16, 15, 'gh', '2018-08-11 17:58:50', 1),
(741, 8, 16, 15, 'g', '2018-08-11 17:58:50', 1),
(742, 8, 16, 15, 'g', '2018-08-11 17:58:51', 1),
(743, 8, 16, 15, 'h', '2018-08-11 17:58:51', 1),
(744, 8, 16, 15, 'hg', '2018-08-11 17:58:51', 1),
(745, 8, 16, 15, 'h', '2018-08-11 17:58:51', 1),
(746, 8, 16, 15, 'h', '2018-08-11 17:58:51', 1),
(747, 8, 16, 15, '[oiuyfghj', '2018-08-11 17:58:56', 1),
(748, 8, 16, 15, '\\n', '2018-08-11 17:58:58', 1),
(749, 8, 16, 15, '           ', '2018-08-11 17:59:02', 1),
(750, 8, 16, 15, ' ', '2018-08-11 17:59:11', 1),
(751, 8, 16, 15, '\"\"', '2018-08-11 17:59:17', 1),
(752, 8, 16, 15, 'shut me', '2018-08-11 17:59:48', 1),
(753, 8, 16, 15, 'down', '2018-08-11 17:59:50', 1),
(754, 8, 16, 15, 'vitalisali', '2018-08-11 17:59:54', 1),
(755, 8, 16, 15, 'hooome/////////////', '2018-08-11 17:59:57', 1),
(756, 8, 16, 15, '??????????//', '2018-08-11 17:59:58', 1),
(757, 8, 16, 15, 'не сомтрите', '2018-08-11 18:00:08', 1),
(758, 8, 16, 15, 'на меня', '2018-08-11 18:00:09', 1),
(759, 8, 16, 15, 'осуждающим', '2018-08-11 18:00:11', 1),
(760, 8, 16, 15, 'взглядом', '2018-08-11 18:00:12', 1),
(761, 8, 16, 15, 'я не отела', '2018-08-11 18:00:16', 1),
(762, 8, 16, 15, 'вас расстроить', '2018-08-11 18:00:18', 1),
(763, 8, 16, 15, 'вы сами расстроились', '2018-08-11 18:00:21', 1),
(764, 8, 16, 15, 'я не я вас', '2018-08-11 18:00:23', 1),
(765, 8, 16, 15, 'вот это игнорище', '2018-08-11 18:00:47', 1),
(766, 8, 16, 15, 'просто ', '2018-08-11 18:00:48', 1),
(767, 8, 16, 15, 'неземных масштабов', '2018-08-11 18:00:51', 1),
(768, 8, 16, 15, 'йцукенгшщзхзждюлбоьапвычфя]', '2018-08-11 18:01:02', 1),
(769, 8, 16, 15, 'ап', '2018-08-11 18:01:16', 1),
(770, 8, 15, 16, '   ', '2018-08-11 18:03:09', 1),
(771, 8, 15, 16, '     ', '2018-08-11 18:03:11', 1),
(772, 8, 15, 16, 'asdasd', '2018-08-11 18:03:27', 1),
(773, 8, 15, 16, '               asd', '2018-08-11 18:07:33', 1),
(774, 8, 16, 15, ' ', '2018-08-11 18:07:42', 1),
(775, 8, 16, 15, ' ', '2018-08-11 18:07:42', 1),
(776, 8, 16, 15, ' ', '2018-08-11 18:07:43', 1),
(777, 8, 16, 15, ' ', '2018-08-11 18:07:43', 1),
(778, 8, 15, 16, ' q q ', '2018-08-11 18:07:43', 1),
(779, 8, 16, 15, ' ', '2018-08-11 18:07:43', 1),
(780, 8, 16, 15, ' ', '2018-08-11 18:07:43', 1),
(781, 8, 16, 15, ' ', '2018-08-11 18:07:44', 1),
(782, 8, 16, 15, ' ', '2018-08-11 18:07:44', 1),
(783, 8, 16, 15, ' ', '2018-08-11 18:07:44', 1),
(784, 8, 16, 15, ' ', '2018-08-11 18:07:45', 1),
(785, 8, 16, 15, ' ', '2018-08-11 18:07:45', 1),
(786, 8, 16, 15, ' ', '2018-08-11 18:07:45', 1),
(787, 8, 16, 15, ' ', '2018-08-11 18:07:46', 1),
(788, 8, 16, 15, ' ', '2018-08-11 18:07:46', 1),
(789, 8, 16, 15, 'ить', '2018-08-11 18:08:07', 1),
(790, 8, 16, 15, 'ё ', '2018-08-11 18:08:10', 1),
(791, 8, 16, 15, 'яне забанен ', '2018-08-11 18:08:15', 1),
(792, 8, 16, 15, 'на пробелов нет', '2018-08-11 18:08:20', 1),
(793, 8, 16, 15, 'унарных пробелов нет', '2018-08-11 18:08:27', 1),
(794, 8, 16, 15, '\' \'', '2018-08-11 18:08:34', 1),
(795, 8, 15, 16, 'asd', '2018-08-12 08:26:56', 1),
(796, 8, 15, 16, '?', '2018-08-12 08:26:59', 1),
(797, 8, 15, 16, '   f .    f', '2018-08-12 08:27:04', 1),
(798, 8, 15, 16, 'f                           ', '2018-08-12 08:27:07', 1),
(799, 8, 16, 15, 'ds', '2018-08-12 08:27:42', 1),
(800, 8, 16, 15, 'fx this 1 message', '2018-08-12 08:27:52', 1),
(801, 8, 16, 15, 'it irritate', '2018-08-12 08:27:55', 1),
(802, 8, 16, 15, 'me', '2018-08-12 08:27:56', 1),
(803, 8, 16, 15, 'plz', '2018-08-12 08:28:03', 1),
(804, 8, 16, 15, 'are you doog admin?', '2018-08-12 08:28:08', 1),
(805, 8, 16, 15, 'god', '2018-08-12 08:28:11', 1),
(806, 8, 16, 15, 'good', '2018-08-12 08:28:12', 1),
(807, 8, 16, 15, ';dvm;dmvdmv;mabka', '2018-08-12 08:28:16', 1),
(808, 8, 16, 15, 'vnp\\\\\\\\\\\\\\\\\\\\\\\\\\\\EHsihdsvhiojewhtqgrw', '2018-08-12 08:28:20', 1),
(809, 8, 16, 15, 'ну наконец то ', '2018-08-12 08:31:49', 1),
(810, 8, 16, 15, 'ого', '2018-08-12 08:32:00', 1),
(811, 8, 16, 15, 'hardless', '2018-08-12 08:32:03', 1),
(812, 25, 14, 16, 'Опа чирик', '2018-08-12 08:57:34', 1),
(813, 6, 14, 15, 'фыв', '2018-08-12 08:57:55', 1),
(814, 6, 14, 15, 'ячс', '2018-08-12 08:57:57', 1),
(815, 6, 14, 15, ']яч', '2018-08-12 09:01:40', 1),
(816, 6, 14, 15, 'фыв', '2018-08-12 09:01:42', 1),
(817, 6, 14, 15, 'чсм', '2018-08-12 09:01:47', 1),
(818, 6, 14, 15, 'фыв', '2018-08-12 09:02:20', 1),
(819, 6, 14, 15, 'фыв', '2018-08-12 09:02:30', 1),
(820, 6, 14, 15, 'фыв', '2018-08-12 09:02:33', 1),
(821, 6, 14, 15, 'фыв', '2018-08-12 09:02:38', 1),
(822, 6, 14, 15, 'ячс', '2018-08-12 09:02:39', 1),
(823, 6, 14, 15, 'фыв', '2018-08-12 09:02:41', 1),
(824, 6, 14, 15, '123123', '2018-08-12 09:03:01', 1),
(825, 6, 14, 15, 'п', '2018-08-12 09:03:06', 1),
(826, 6, 14, 15, 'фыв', '2018-08-12 09:03:18', 1),
(827, 6, 14, 15, 'фыв', '2018-08-12 09:03:22', 1),
(828, 6, 14, 15, 'asd', '2018-08-12 09:06:51', 1),
(829, 6, 14, 15, 'asd', '2018-08-12 09:06:55', 1),
(830, 6, 14, 15, 'фів', '2018-08-12 09:09:54', 1),
(831, 6, 14, 15, 'фів', '2018-08-12 09:10:20', 1),
(832, 6, 14, 15, '12', '2018-08-12 09:11:01', 1),
(833, 6, 14, 15, 'фі', '2018-08-12 09:11:05', 1),
(834, 6, 14, 15, 'фів', '2018-08-12 09:16:26', 1),
(835, 6, 14, 15, 'asd', '2018-08-12 09:34:02', 1),
(836, 6, 14, 15, 'asd', '2018-08-12 09:34:10', 1),
(837, 6, 14, 15, 'zxc', '2018-08-12 09:34:13', 1),
(838, 6, 14, 15, 'qwe', '2018-08-12 09:34:15', 1),
(839, 6, 14, 15, 'asd', '2018-08-12 09:34:22', 1),
(840, 6, 14, 15, 'qwe', '2018-08-12 09:34:24', 1),
(841, 6, 14, 15, '123', '2018-08-12 09:34:26', 1),
(842, 6, 14, 15, 'f', '2018-08-12 09:34:29', 1),
(843, 6, 14, 15, 'z', '2018-08-12 09:34:31', 1),
(844, 6, 14, 15, 'asd', '2018-08-12 09:34:48', 1),
(845, 6, 14, 15, 'f', '2018-08-12 09:34:50', 1),
(846, 6, 14, 15, 'фыв', '2018-08-12 09:38:18', 1),
(847, 6, 14, 15, 'фыв', '2018-08-12 09:38:21', 1),
(848, 21, 15, 23, 'sdf', '2018-08-14 16:23:13', 0),
(849, 8, 15, 16, 'sdf', '2018-08-14 17:09:42', 1),
(850, 8, 15, 16, 'sdf', '2018-08-14 17:09:46', 1),
(851, 8, 15, 16, 'sdf', '2018-08-14 17:09:48', 1),
(852, 23, 14, 21, 'safd', '2018-08-14 17:15:14', 0),
(853, 21, 15, 23, 'asd', '2018-08-14 17:41:13', 0),
(854, 6, 14, 15, 'asd', '2018-08-16 11:43:50', 1),
(855, 6, 14, 15, 'qwe', '2018-08-16 11:47:01', 1),
(856, 6, 14, 15, 'zxc', '2018-08-16 11:47:04', 1),
(857, 6, 14, 15, 'qwe', '2018-08-16 11:47:10', 1),
(858, 6, 14, 15, 'qwe', '2018-08-16 11:51:45', 1),
(859, 6, 14, 15, 'fff', '2018-08-16 11:51:47', 1),
(860, 6, 14, 15, 'zzz', '2018-08-16 11:51:49', 1),
(861, 6, 14, 15, 'asnd', '2018-08-16 12:15:18', 1),
(862, 6, 14, 15, 'qwe', '2018-08-16 12:15:20', 1),
(863, 6, 14, 15, 'asd', '2018-08-16 12:15:21', 1),
(864, 6, 14, 15, 'zxc', '2018-08-16 12:15:41', 1),
(865, 6, 14, 15, 'qwe', '2018-08-16 12:15:47', 1),
(866, 26, 50, 15, 'yo', '2018-08-16 17:00:14', 0),
(867, 26, 50, 15, 'qwe11', '2018-08-16 17:00:26', 0),
(868, 26, 50, 15, 'frf', '2018-08-16 17:00:29', 0),
(869, 26, 50, 15, 'fr', '2018-08-16 17:00:29', 0),
(870, 26, 50, 15, 'r', '2018-08-16 17:00:30', 0),
(871, 26, 50, 15, 'af', '2018-08-16 17:00:30', 0),
(872, 26, 50, 15, 'ds', '2018-08-16 17:00:30', 0),
(873, 26, 50, 15, 'fa', '2018-08-16 17:00:30', 0),
(874, 26, 50, 15, 'sdf', '2018-08-16 17:00:30', 0),
(875, 26, 50, 15, 'as', '2018-08-16 17:00:31', 0),
(876, 26, 50, 15, 'f', '2018-08-16 17:00:31', 0),
(877, 26, 50, 15, 'dfg', '2018-08-16 17:00:33', 0),
(878, 26, 50, 15, 'd', '2018-08-16 17:00:34', 0),
(879, 26, 50, 15, 'd', '2018-08-16 17:00:35', 0),
(880, 27, 42, 15, 'Lolkek', '2018-08-18 07:35:38', 1),
(881, 27, 42, 15, 'Kroshka privet', '2018-08-18 07:35:52', 1),
(882, 27, 42, 15, ']asd', '2018-08-18 07:35:58', 1),
(883, 27, 42, 15, 'dxf', '2018-08-18 07:36:00', 1),
(884, 27, 15, 42, 'f', '2018-08-18 07:36:16', 1),
(885, 27, 15, 42, 'wer', '2018-08-18 07:37:16', 1),
(886, 27, 15, 42, 'asd', '2018-08-18 07:37:21', 1),
(887, 25, 16, 14, 'opa', '2018-08-18 07:39:59', 0),
(888, 25, 16, 14, 'vetalik', '2018-08-18 07:40:00', 0),
(889, 8, 16, 15, 'slushai', '2018-08-18 07:40:21', 0),
(890, 8, 16, 15, 'ti', '2018-08-18 07:40:22', 0),
(891, 8, 16, 15, 'sobaka', '2018-08-18 07:40:27', 0),
(892, 8, 16, 15, ';енсокго ', '2018-08-18 07:40:28', 0),
(893, 8, 16, 15, 'пола', '2018-08-18 07:40:29', 0),
(894, 6, 14, 15, 'lll', '2018-08-20 10:09:28', 1),
(895, 6, 14, 15, 'asdasd', '2018-08-20 10:09:39', 1),
(896, 6, 15, 14, 'qwe', '2018-08-20 10:10:10', 1),
(897, 6, 14, 15, 'asdasd', '2018-08-20 10:10:35', 1),
(898, 6, 14, 15, 'asd', '2018-08-20 10:10:52', 1);

-- --------------------------------------------------------

--
-- Структура таблицы `notifications`
--

CREATE TABLE `notifications` (
  `id` int(10) UNSIGNED NOT NULL,
  `id_user_from` int(10) UNSIGNED NOT NULL,
  `id_user` int(10) UNSIGNED NOT NULL,
  `type` enum('view_profile','accept_friend_request','remove_from_friend','') NOT NULL,
  `time` timestamp NOT NULL DEFAULT CURRENT_TIMESTAMP ON UPDATE CURRENT_TIMESTAMP,
  `viewed` tinyint(1) NOT NULL DEFAULT '0'
) ENGINE=MyISAM DEFAULT CHARSET=utf8;

--
-- Дамп данных таблицы `notifications`
--

INSERT INTO `notifications` (`id`, `id_user_from`, `id_user`, `type`, `time`, `viewed`) VALUES
(10, 14, 13, 'view_profile', '2018-08-12 13:12:13', 0),
(11, 13, 14, 'accept_friend_request', '2018-08-04 08:34:43', 1),
(12, 14, 13, 'remove_from_friend', '2018-07-25 17:01:12', 1),
(13, 13, 14, 'view_profile', '2018-08-04 08:34:43', 1),
(14, 15, 13, 'view_profile', '2018-08-20 10:04:37', 0),
(15, 13, 15, 'accept_friend_request', '2018-07-26 08:29:57', 1),
(16, 13, 15, 'view_profile', '2018-07-28 11:22:53', 1),
(17, 15, 14, 'view_profile', '2018-08-20 11:06:57', 0),
(18, 14, 15, 'accept_friend_request', '2018-08-14 17:53:30', 1),
(19, 15, 13, 'accept_friend_request', '2018-07-31 08:38:19', 0),
(20, 16, 13, 'view_profile', '2018-08-11 17:57:20', 0),
(21, 13, 16, 'accept_friend_request', '2018-07-28 09:39:08', 1),
(22, 15, 16, 'view_profile', '2018-08-20 11:01:09', 0),
(23, 13, 16, 'view_profile', '2018-07-28 09:50:21', 1),
(24, 16, 15, 'view_profile', '2018-08-20 06:53:23', 1),
(25, 16, 15, 'accept_friend_request', '2018-08-04 08:34:52', 1),
(26, 17, 16, 'view_profile', '2018-07-28 15:24:33', 1),
(27, 16, 17, 'view_profile', '2018-08-11 17:56:59', 0),
(28, 16, 17, 'accept_friend_request', '2018-07-28 10:00:35', 1),
(29, 15, 17, 'view_profile', '2018-08-14 17:38:22', 0),
(30, 17, 15, 'accept_friend_request', '2018-07-28 11:22:53', 1),
(31, 17, 15, 'view_profile', '2018-07-28 11:22:53', 1),
(32, 13, 17, 'view_profile', '2018-07-28 10:01:15', 1),
(33, 17, 13, 'accept_friend_request', '2018-07-28 10:01:14', 0),
(34, 17, 19, 'view_profile', '2018-07-31 08:38:37', 1),
(35, 16, 14, 'view_profile', '2018-08-14 16:24:12', 1),
(36, 18, 16, 'view_profile', '2018-08-04 07:23:25', 1),
(37, 18, 17, 'view_profile', '2018-08-02 11:18:03', 0),
(38, 16, 18, 'view_profile', '2018-08-12 08:32:52', 0),
(39, 16, 18, 'accept_friend_request', '2018-07-28 15:23:34', 1),
(40, 18, 13, 'view_profile', '2018-08-02 11:17:48', 0),
(41, 18, 14, 'view_profile', '2018-08-04 08:34:43', 1),
(42, 18, 15, 'view_profile', '2018-08-03 11:01:10', 1),
(43, 17, 18, 'accept_friend_request', '2018-07-28 15:23:34', 1),
(44, 17, 18, 'view_profile', '2018-08-02 11:12:11', 1),
(45, 19, 16, 'view_profile', '2018-08-04 07:23:25', 1),
(46, 19, 16, 'remove_from_friend', '2018-08-04 07:23:25', 1),
(47, 19, 18, 'accept_friend_request', '2018-08-02 11:12:11', 1),
(48, 19, 18, 'view_profile', '2018-08-02 11:12:11', 1),
(49, 19, 18, 'remove_from_friend', '2018-08-02 11:12:11', 1),
(50, 14, 15, 'view_profile', '2018-08-16 16:34:21', 1),
(51, 14, 15, 'remove_from_friend', '2018-08-16 16:34:21', 1),
(52, 14, 19, 'view_profile', '2018-08-13 07:19:28', 1),
(53, 14, 20, 'view_profile', '2018-08-12 13:12:09', 0),
(54, 20, 14, 'accept_friend_request', '2018-08-04 08:34:43', 1),
(55, 20, 14, 'view_profile', '2018-08-04 08:34:43', 1),
(56, 20, 15, 'view_profile', '2018-08-03 11:01:10', 1),
(57, 20, 16, 'view_profile', '2018-08-04 07:23:25', 1),
(58, 20, 17, 'view_profile', '2018-08-02 09:19:12', 0),
(59, 20, 18, 'view_profile', '2018-08-02 11:12:11', 1),
(60, 15, 14, 'accept_friend_request', '2018-08-20 10:12:21', 1),
(61, 15, 20, 'view_profile', '2018-08-20 10:07:40', 0),
(62, 20, 15, 'accept_friend_request', '2018-08-03 11:01:10', 1),
(63, 21, 13, 'view_profile', '2018-08-02 09:55:05', 0),
(64, 21, 14, 'view_profile', '2018-08-07 12:18:27', 1),
(65, 21, 15, 'view_profile', '2018-08-03 11:01:10', 1),
(66, 21, 16, 'view_profile', '2018-08-04 07:23:25', 1),
(67, 21, 17, 'view_profile', '2018-08-02 09:55:36', 0),
(68, 21, 18, 'view_profile', '2018-08-02 11:12:11', 1),
(69, 21, 19, 'view_profile', '2018-08-13 07:19:28', 1),
(70, 21, 20, 'view_profile', '2018-08-02 14:42:42', 0),
(71, 20, 21, 'accept_friend_request', '2018-08-02 10:11:31', 1),
(72, 21, 22, 'view_profile', '2018-08-02 10:07:10', 0),
(73, 22, 21, 'view_profile', '2018-08-02 10:11:31', 1),
(74, 22, 21, 'accept_friend_request', '2018-08-02 10:11:31', 1),
(75, 15, 21, 'view_profile', '2018-08-06 17:02:24', 0),
(76, 15, 21, 'remove_from_friend', '2018-08-06 17:02:24', 0),
(77, 15, 22, 'view_profile', '2018-08-20 11:12:07', 0),
(78, 21, 15, 'accept_friend_request', '2018-08-03 11:01:10', 1),
(79, 15, 22, 'remove_from_friend', '2018-08-02 09:58:18', 1),
(80, 22, 15, 'view_profile', '2018-08-03 11:01:10', 1),
(81, 23, 20, 'view_profile', '2018-08-02 10:41:42', 1),
(82, 23, 21, 'view_profile', '2018-08-02 10:11:58', 0),
(83, 23, 22, 'view_profile', '2018-08-02 10:12:02', 0),
(84, 23, 13, 'view_profile', '2018-08-02 10:12:34', 0),
(85, 23, 14, 'view_profile', '2018-08-11 11:31:06', 1),
(86, 23, 15, 'view_profile', '2018-08-04 12:53:58', 1),
(87, 15, 23, 'view_profile', '2018-08-20 10:07:41', 0),
(88, 15, 23, 'remove_from_friend', '2018-08-02 10:13:17', 1),
(89, 23, 15, 'accept_friend_request', '2018-08-03 11:01:10', 1),
(90, 14, 21, 'accept_friend_request', '2018-08-02 10:25:33', 0),
(91, 14, 23, 'accept_friend_request', '2018-08-02 11:11:51', 1),
(92, 21, 23, 'accept_friend_request', '2018-08-02 11:11:51', 1),
(93, 23, 18, 'view_profile', '2018-08-04 11:04:55', 0),
(94, 18, 23, 'accept_friend_request', '2018-08-04 11:05:36', 1),
(95, 18, 19, 'view_profile', '2018-08-13 07:19:28', 1),
(96, 18, 19, 'remove_from_friend', '2018-08-13 07:19:28', 1),
(97, 18, 20, 'view_profile', '2018-08-02 11:18:22', 0),
(98, 18, 21, 'view_profile', '2018-08-02 11:18:28', 0),
(99, 18, 22, 'view_profile', '2018-08-02 11:18:57', 0),
(100, 18, 22, 'remove_from_friend', '2018-08-02 11:18:36', 0),
(101, 18, 23, 'view_profile', '2018-08-04 11:05:36', 1),
(102, 18, 23, 'remove_from_friend', '2018-08-04 11:05:36', 1),
(103, 14, 23, 'view_profile', '2018-08-12 13:12:15', 0),
(104, 14, 21, 'view_profile', '2018-08-11 11:30:07', 0),
(105, 14, 17, 'view_profile', '2018-08-02 11:20:03', 0),
(106, 14, 18, 'view_profile', '2018-08-16 11:43:11', 0),
(107, 18, 14, 'accept_friend_request', '2018-08-04 08:34:43', 1),
(108, 14, 18, 'remove_from_friend', '2018-08-02 11:20:18', 0),
(109, 14, 16, 'view_profile', '2018-08-18 07:40:33', 1),
(110, 15, 14, 'remove_from_friend', '2018-08-14 16:35:13', 1),
(111, 15, 16, 'remove_from_friend', '2018-08-04 07:23:25', 1),
(112, 16, 21, 'accept_friend_request', '2018-08-04 07:19:18', 0),
(113, 16, 14, 'accept_friend_request', '2018-08-04 08:34:43', 1),
(114, 23, 17, 'view_profile', '2018-08-04 11:05:14', 0),
(115, 15, 18, 'view_profile', '2018-08-11 07:43:54', 0),
(116, 16, 22, 'view_profile', '2018-08-11 17:57:59', 0),
(117, 15, 17, 'remove_from_friend', '2018-08-14 16:37:28', 0),
(118, 15, 49, 'accept_friend_request', '2018-08-16 16:36:16', 0),
(119, 15, 49, 'view_profile', '2018-08-16 17:10:50', 0),
(120, 15, 49, 'remove_from_friend', '2018-08-16 17:10:49', 0),
(121, 49, 15, 'accept_friend_request', '2018-08-20 06:53:23', 1),
(122, 49, 15, 'view_profile', '2018-08-16 16:53:34', 1),
(123, 49, 15, 'remove_from_friend', '2018-08-16 16:53:10', 1),
(124, 50, 15, 'view_profile', '2018-08-16 17:05:02', 1),
(125, 15, 50, 'accept_friend_request', '2018-08-16 17:00:17', 1),
(126, 50, 14, 'view_profile', '2018-08-20 10:12:21', 1),
(127, 15, 50, 'view_profile', '2018-08-20 10:04:47', 0),
(128, 15, 42, 'view_profile', '2018-08-20 10:04:44', 0),
(129, 42, 15, 'accept_friend_request', '2018-08-20 06:53:23', 1),
(130, 16, 19, 'view_profile', '2018-08-18 07:39:31', 0),
(131, 42, 15, 'view_profile', '2018-08-20 06:53:23', 1),
(132, 15, 19, 'view_profile', '2018-08-20 10:08:04', 0);

-- --------------------------------------------------------

--
-- Структура таблицы `photos`
--

CREATE TABLE `photos` (
  `id` int(10) UNSIGNED NOT NULL,
  `id_user` int(10) UNSIGNED NOT NULL,
  `src` varchar(255) NOT NULL
) ENGINE=MyISAM DEFAULT CHARSET=utf8;

--
-- Дамп данных таблицы `photos`
--

INSERT INTO `photos` (`id`, `id_user`, `src`) VALUES
(18, 19, '4c2b26b6ba38f279.png'),
(19, 19, '612122b514c422ba.png'),
(23, 19, '8f710d0057e5b747.png'),
(21, 19, '2d80487389275639.png'),
(22, 19, '607e6b620d05be9f.png'),
(24, 15, '76d92a035bc8b248.png'),
(25, 15, '6f0e4bcd876ed1f0.png'),
(26, 21, '1c3ffc884ed30b42.png'),
(27, 18, '60462e1f5722218b.jpg'),
(28, 18, 'b2d302fadb00abf2.jpg'),
(29, 18, '59ff3d4103ee2019.jpg'),
(30, 16, 'f5ca4e2f1ab8b195.jpg'),
(32, 14, 'a6e14a4067707e89.png');

-- --------------------------------------------------------

--
-- Структура таблицы `settings`
--

CREATE TABLE `settings` (
  `id` int(10) UNSIGNED NOT NULL,
  `notification_sound` tinyint(1) NOT NULL DEFAULT '1',
  `notification_email` tinyint(1) NOT NULL DEFAULT '1',
  `messege_sound` tinyint(1) NOT NULL DEFAULT '1',
  `id_user` int(10) UNSIGNED NOT NULL
) ENGINE=InnoDB DEFAULT CHARSET=utf8;

-- --------------------------------------------------------

--
-- Структура таблицы `tags`
--

CREATE TABLE `tags` (
  `id` int(10) UNSIGNED NOT NULL,
  `tag` varchar(255) NOT NULL
) ENGINE=MyISAM DEFAULT CHARSET=utf8;

--
-- Дамп данных таблицы `tags`
--

INSERT INTO `tags` (`id`, `tag`) VALUES
(1, '123'),
(2, '123q'),
(3, 'qewqwe'),
(4, 'camagru'),
(5, 'lolkek'),
(6, 'qwe'),
(7, 'sad'),
(8, 'keklol'),
(9, 'arbidol'),
(10, 'start'),
(11, 'end');

-- --------------------------------------------------------

--
-- Структура таблицы `users`
--

CREATE TABLE `users` (
  `id` int(10) UNSIGNED NOT NULL,
  `login` varchar(30) NOT NULL,
  `admin` tinyint(1) NOT NULL DEFAULT '0',
  `blocked` tinyint(1) NOT NULL DEFAULT '0',
  `password` text NOT NULL,
  `email` varchar(255) NOT NULL,
  `status` varchar(70) DEFAULT NULL,
  `firstName` varchar(50) NOT NULL,
  `lastName` varchar(50) NOT NULL,
  `gender` enum('man','woman') NOT NULL,
  `birthDate` date NOT NULL,
  `registerDate` timestamp NOT NULL DEFAULT CURRENT_TIMESTAMP,
  `lastAction` timestamp NOT NULL DEFAULT CURRENT_TIMESTAMP,
  `active` tinyint(1) NOT NULL DEFAULT '0',
  `img` varchar(255) DEFAULT '/author-main1.jpg',
  `IsOnline` tinyint(1) NOT NULL DEFAULT '0',
  `rating` int(11) NOT NULL DEFAULT '0',
  `token` varchar(10000) DEFAULT NULL
) ENGINE=InnoDB DEFAULT CHARSET=utf8;

--
-- Дамп данных таблицы `users`
--

INSERT INTO `users` (`id`, `login`, `admin`, `blocked`, `password`, `email`, `status`, `firstName`, `lastName`, `gender`, `birthDate`, `registerDate`, `lastAction`, `active`, `img`, `IsOnline`, `rating`, `token`) VALUES
(13, 'ßßßßß', 0, 1, '902dbf32588a8f8b2113ba83e5fb548818e97978c38ca792149dc3f6f530911de7ddca0bb6d5b32b824fd06899357e5e2200cad69e8febf794eaed5095723ae5', 'coulraven@ukr.net', NULL, 'asdqwe', 'kek', 'man', '1198-06-23', '2018-07-25 16:55:24', '2018-07-25 16:55:24', 1, '/photo-item8.jpg', 0, 36, NULL),
(14, 'LateV', 0, 0, '902dbf32588a8f8b2113ba83e5fb548818e97978c38ca792149dc3f6f530911de7ddca0bb6d5b32b824fd06899357e5e2200cad69e8febf794eaed5095723ae5', 'lol@kek.com', NULL, 'asd', 'asd', 'man', '2018-05-23', '2018-07-25 16:57:56', '2018-07-25 16:57:56', 1, '/a6e14a4067707e89.png', 1, 53, NULL),
(15, 'Roman', 1, 0, '902dbf32588a8f8b2113ba83e5fb548818e97978c38ca792149dc3f6f530911de7ddca0bb6d5b32b824fd06899357e5e2200cad69e8febf794eaed5095723ae5', 'coul123123123rave123n@u123123kr.net', 'Я люблю Unit', 'asdqwe', 'kek', 'man', '1985-07-12', '2018-07-26 08:26:16', '2018-07-26 08:26:16', 1, '/6f0e4bcd876ed1f0.png', 0, 69, NULL),
(16, 'martynka', 0, 0, '8ca0fd2adb6bb22a05fd7e712acf23a38270127b2dcde4b7824f18b78083ecb475113bcfbea4b74a1e5ed8f9947b1f54676acfa74a13af1ad7c52f9ce22d9cc3', 'Marta@matrta.com', 'идеала не достичь,  ты мой охотник я твоя дичь', 'Marta', 'Martynova', 'woman', '1970-04-26', '2018-07-28 09:37:14', '2018-07-28 09:37:14', 1, '/f5ca4e2f1ab8b195.jpg', 0, 64, NULL),
(17, '₿itconnect', 0, 0, '344907e89b981caf221d05f597eb57a6af408f15f4dd7895bbd1b96a2938ec24a7dcf23acb94ece0b6d7b0640358bc56bdb448194b9305311aff038a834a079f', '322@mail.ru', NULL, 'Carlos', 'Matos', 'man', '1998-06-26', '2018-07-28 09:59:22', '2018-07-28 09:59:22', 1, '/photo-item8.jpg', 0, 36, NULL),
(18, 'ikarachy', 0, 0, 'dcd4c99c29eb1414bf74a4eb950094caeae8ee05bbd7afd970532935cc43b34f9f213a17f19c2ec1cfe68eec4d255e69db9d3f65ad26d652651d2959c2208745', 'kuziczka4@gmail.com', NULL, 'Iryna', 'Karachynetska', 'woman', '1995-05-04', '2018-07-28 15:18:53', '2018-07-28 15:18:53', 1, '/60462e1f5722218b.jpg', 0, 15, NULL),
(19, 'root', 0, 0, '899b76161701a4111b36cbadd0d168e896f1e97d22b4f470331293b9d9bce5fd6a338b64bfd640b8d78ef3a465047886527e1c250d587ca7693f46d27ae8721a', 'qwe@asd', '132', '123123', 'qwe', 'man', '1975-05-27', '2018-07-30 09:51:55', '2018-07-30 09:51:55', 1, '/8f710d0057e5b747.png', 0, 22, NULL),
(20, 'oskulska', 0, 0, '69200d8ab07357329a9b74d2c2fb6cd0fafe48558996d37be56c7a9e774b65bd300e1526384e034f5da4c541054bdba255b4863204d2554656a19304101db6fe', 'olgaskulska@gmail.com', NULL, 'Olga', 'Skulska', 'woman', '1995-01-03', '2018-08-02 09:13:42', '2018-08-02 09:13:42', 1, '/photo-item8.jpg', 0, 0, NULL),
(21, 'rkhilenk', 0, 0, 'ac5bbf8b24d2db584f0dcc26e738ec41f2fabb971851fb17aa3475587df5836346ea422378bdd654dafca3fe62033135dbec46b63b27fb4d13da78ee0e6bbe8d', 'qwe@asd.asd', NULL, 'Roma', 'Khilenko', 'man', '2018-07-04', '2018-08-02 09:54:47', '2018-08-02 09:54:47', 1, '/1c3ffc884ed30b42.png', 0, 0, NULL),
(22, 'Milana', 0, 0, 'e2d7018509bce3503f09751c0cbd8ee603f09c037b4ede3c0fbe9307b7996f3eec85a89d4fb95cc2b532231a6c0f8e44c74a45185f54c246b4c00eb8c5788795', 'lidmila.pohribniak@gmail.com', NULL, 'Liudmyla', 'Pohribniak', 'woman', '1995-05-19', '2018-08-02 09:55:38', '2018-08-02 09:55:38', 1, '/photo-item8.jpg', 0, 0, NULL),
(23, 'I\'m your lord', 0, 0, '6e48b202e0c20b04188d542089dd018e3af0c027538490f56194073cbdd3a70a08b208cf56c424c5a14888db41e7d7bc000fe096e3998c9bd15e8f2d91ca7cd9', 'Slayers@slayers.com', NULL, 'Lord', 'Universe', 'man', '2023-02-28', '2018-08-02 10:10:42', '2018-08-02 10:10:42', 1, '/photo-item8.jpg', 1, 0, NULL),
(24, 'Kolobok', 0, 0, '902dbf32588a8f8b2113ba83e5fb548818e97978c38ca792149dc3f6f530911de7ddca0bb6d5b32b824fd06899357e5e2200cad69e8febf794eaed5095723ae5', 'kolobok@lol.kek', NULL, 'Kolbok', 'lol', 'man', '2018-06-06', '2018-08-14 16:57:46', '2018-08-14 16:57:46', 0, '/author-main1.jpg', 0, 0, NULL),
(25, 'Vorobei', 0, 0, '902dbf32588a8f8b2113ba83e5fb548818e97978c38ca792149dc3f6f530911de7ddca0bb6d5b32b824fd06899357e5e2200cad69e8febf794eaed5095723ae5', 'SoulRaven92123@gmail.com', NULL, 'Mister', 'Vorobei', 'man', '2018-05-09', '2018-08-15 06:55:07', '2018-08-15 06:55:07', 1, '/author-main1.jpg', 0, 10, NULL),
(26, 'Pupipu', 0, 0, '902dbf32588a8f8b2113ba83e5fb548818e97978c38ca792149dc3f6f530911de7ddca0bb6d5b32b824fd06899357e5e2200cad69e8febf794eaed5095723ae5', 'SoulRaven1192@gmail.com', NULL, 'Pupi', 'Pu', 'man', '2018-05-16', '2018-08-15 07:52:59', '2018-08-15 07:52:59', 1, '/author-main1.jpg', 0, 10, NULL),
(27, 'Userishe', 0, 0, '902dbf32588a8f8b2113ba83e5fb548818e97978c38ca792149dc3f6f530911de7ddca0bb6d5b32b824fd06899357e5e2200cad69e8febf794eaed5095723ae5', 'SoulRaven911231232@gmail.com', NULL, 'User', 'Ishe', 'man', '2018-05-03', '2018-08-15 07:59:24', '2018-08-15 07:59:24', 1, '/author-main1.jpg', 0, 10, NULL),
(28, 'Kozochka', 0, 0, '902dbf32588a8f8b2113ba83e5fb548818e97978c38ca792149dc3f6f530911de7ddca0bb6d5b32b824fd06899357e5e2200cad69e8febf794eaed5095723ae5', 'Soulraven192@gmail.com', NULL, 'Malinka', 'Petrova', 'woman', '2018-06-23', '2018-08-15 08:36:38', '2018-08-15 08:36:38', 1, '/author-main1.jpg', 0, 10, NULL),
(29, 'Faraon', 0, 0, '902dbf32588a8f8b2113ba83e5fb548818e97978c38ca792149dc3f6f530911de7ddca0bb6d5b32b824fd06899357e5e2200cad69e8febf794eaed5095723ae5', 'SoulRaven12312392@gmail.com', NULL, 'Kiber', 'Desine', 'man', '2018-05-24', '2018-08-15 08:38:27', '2018-08-15 08:38:27', 1, '/author-main1.jpg', 0, 10, NULL),
(30, 'Format', 0, 0, '016725933608c03219c27e6c44c32e502f2456ddcf54b4fdafd89fc5c977997325e9b4267f66c4216e37c532ed0187ba875eb695a4eae3a798b328130fe7fedd', 'Sdasda@gmail.com', NULL, 'Lart', 'Kiot', 'man', '2018-05-15', '2018-08-15 08:45:27', '2018-08-15 08:45:27', 1, '/author-main1.jpg', 0, 10, NULL),
(31, 'Tet', 0, 0, '902dbf32588a8f8b2113ba83e5fb548818e97978c38ca792149dc3f6f530911de7ddca0bb6d5b32b824fd06899357e5e2200cad69e8febf794eaed5095723ae5', 'Tet@atet.com', NULL, 'Tet', 'Atet', 'man', '2018-06-14', '2018-08-15 08:47:49', '2018-08-15 08:47:49', 1, '/author-main1.jpg', 0, 10, NULL),
(32, 'Kilo', 0, 0, '902dbf32588a8f8b2113ba83e5fb548818e97978c38ca792149dc3f6f530911de7ddca0bb6d5b32b824fd06899357e5e2200cad69e8febf794eaed5095723ae5', 'kilo@gramm.com', NULL, 'Kilo', 'Gramm', 'man', '2018-05-03', '2018-08-15 08:48:47', '2018-08-15 08:48:47', 1, '/author-main1.jpg', 0, 10, NULL),
(33, 'Rostislav', 0, 0, '902dbf32588a8f8b2113ba83e5fb548818e97978c38ca792149dc3f6f530911de7ddca0bb6d5b32b824fd06899357e5e2200cad69e8febf794eaed5095723ae5', 'Rost@naum.com', NULL, 'Rostislav', 'Naumenko', 'man', '2018-05-01', '2018-08-15 08:51:21', '2018-08-15 08:51:21', 1, '/author-main1.jpg', 0, 10, NULL),
(34, 'MoreArr', 0, 0, '902dbf32588a8f8b2113ba83e5fb548818e97978c38ca792149dc3f6f530911de7ddca0bb6d5b32b824fd06899357e5e2200cad69e8febf794eaed5095723ae5', 'more@arr.com', NULL, 'More', 'Akk', 'man', '2003-07-05', '2018-08-15 08:52:32', '2018-08-15 08:52:32', 1, '/author-main1.jpg', 0, 10, NULL),
(35, 'Array', 0, 0, '902dbf32588a8f8b2113ba83e5fb548818e97978c38ca792149dc3f6f530911de7ddca0bb6d5b32b824fd06899357e5e2200cad69e8febf794eaed5095723ae5', 'lol1@kek.com', NULL, 'lolkek', 'asd', 'man', '2018-05-09', '2018-08-15 08:58:08', '2018-08-15 08:58:08', 1, '/author-main1.jpg', 0, 10, NULL),
(36, 'Perozok', 0, 0, '902dbf32588a8f8b2113ba83e5fb548818e97978c38ca792149dc3f6f530911de7ddca0bb6d5b32b824fd06899357e5e2200cad69e8febf794eaed5095723ae5', 'lo2l@kek.com', NULL, 'Fir', 'Kill', 'man', '2018-05-31', '2018-08-15 08:59:00', '2018-08-15 08:59:00', 1, '/author-main1.jpg', 0, 10, NULL),
(37, 'ir', 0, 0, '902dbf32588a8f8b2113ba83e5fb548818e97978c38ca792149dc3f6f530911de7ddca0bb6d5b32b824fd06899357e5e2200cad69e8febf794eaed5095723ae5', 'SoulRaven9123123122@gmail.com', NULL, 'Igor', 'Repeta', 'man', '2018-05-11', '2018-08-15 09:01:00', '2018-08-15 09:01:00', 1, '/author-main1.jpg', 0, 10, NULL),
(38, 'Kaban', 0, 0, '3623c86f0f4e0355a116c245e4c583a00bfade3251a3dc85502bc2acb05580a7c56b34ba6c808508abec6de887a343dad04680c7eb9387a904b751e22ee441c6', 'SoulRaven921asd@gmail.com', NULL, 'Ivan', 'Kaban', 'man', '2018-05-18', '2018-08-15 10:18:19', '2018-08-15 10:18:19', 0, '/author-main1.jpg', 0, 10, 'successfully_changed'),
(39, 'Raketa', 0, 0, '902dbf32588a8f8b2113ba83e5fb548818e97978c38ca792149dc3f6f530911de7ddca0bb6d5b32b824fd06899357e5e2200cad69e8febf794eaed5095723ae5', 'SoulRaven91231232@gmail.com', NULL, 'Falcone', 'nine', 'man', '2018-06-07', '2018-08-15 10:40:16', '2018-08-15 10:40:16', 1, '/author-main1.jpg', 0, 10, NULL),
(40, 'Fizi', 0, 0, '902dbf32588a8f8b2113ba83e5fb548818e97978c38ca792149dc3f6f530911de7ddca0bb6d5b32b824fd06899357e5e2200cad69e8febf794eaed5095723ae5', 'SoulRaven9123111@gmail.com', NULL, 'Fiz', 'izi', 'man', '2018-05-17', '2018-08-15 10:52:06', '2018-08-15 10:52:06', 1, '/author-main1.jpg', 0, 10, NULL),
(41, 'Float', 0, 0, '902dbf32588a8f8b2113ba83e5fb548818e97978c38ca792149dc3f6f530911de7ddca0bb6d5b32b824fd06899357e5e2200cad69e8febf794eaed5095723ae5', 'SoulRaven121231231239992@gmail.com', NULL, 'Minfloat', 'Maxfloat', 'man', '2000-05-03', '2018-08-15 10:59:41', '2018-08-15 10:59:41', 1, '/author-main1.jpg', 0, 10, NULL),
(42, 'Kurt', 0, 0, '902dbf32588a8f8b2113ba83e5fb548818e97978c38ca792149dc3f6f530911de7ddca0bb6d5b32b824fd06899357e5e2200cad69e8febf794eaed5095723ae5', 'SoulRav12312312en92@gmail.com', NULL, ' Sour', 'Salty', 'man', '1948-06-27', '2018-08-15 11:04:42', '2018-08-15 11:04:42', 1, '/author-main1.jpg', 0, 16, '005b3eef32f21942e5ab64d8b89ba7da'),
(43, 'rgud', 0, 0, '5ed5154841da96c83791d01c624f283ef057473d8b08b3f6b398904d482da12f2bc0728fd36b6497896d3c7625698a0c9a0ca556cf47e475ef55dd8265a5bf82', 'So123123ulRaven92@gmail.com', NULL, 'Robin', 'Gud', 'man', '2018-05-16', '2018-08-15 12:26:37', '2018-08-15 12:26:37', 1, '/author-main1.jpg', 0, 10, 'dea1b205cdebba12cf60877d426e0515'),
(44, 'the_qweqweshest_qweqwe', 0, 0, 'ac5bbf8b24d2db584f0dcc26e738ec41f2fabb971851fb17aa3475587df5836346ea422378bdd654dafca3fe62033135dbec46b63b27fb4d13da78ee0e6bbe8d', 'hutos@pay-mon.com', NULL, 'qwe', 'qwe', 'man', '2018-05-08', '2018-08-16 10:03:20', '2018-08-16 10:03:20', 1, '/author-main1.jpg', 0, 10, 'b830ff5ff4ffe6508f5e85c1fb9f8c32'),
(45, 'Forsik', 0, 0, '902dbf32588a8f8b2113ba83e5fb548818e97978c38ca792149dc3f6f530911de7ddca0bb6d5b32b824fd06899357e5e2200cad69e8febf794eaed5095723ae5', 'qweqwe@pay-mon.com', NULL, 'Force', 'Staff', 'man', '2018-05-15', '2018-08-16 10:30:43', '2018-08-16 10:30:43', 0, '/author-main1.jpg', 0, 10, 'd1a9be1cfe5d00ab52eed57ff5194854'),
(46, 'Papa', 0, 0, '902dbf32588a8f8b2113ba83e5fb548818e97978c38ca792149dc3f6f530911de7ddca0bb6d5b32b824fd06899357e5e2200cad69e8febf794eaed5095723ae5', 'asdasdasd@pay-mon.com', NULL, 'Ivan', 'Rastaman', 'man', '2018-05-09', '2018-08-16 10:41:54', '2018-08-16 10:41:54', 0, '/author-main1.jpg', 0, 0, '30728baed6d21d95162e230df221e4fe'),
(47, 'BlaBla', 0, 0, '902dbf32588a8f8b2113ba83e5fb548818e97978c38ca792149dc3f6f530911de7ddca0bb6d5b32b824fd06899357e5e2200cad69e8febf794eaed5095723ae5', 'fff@pay-mon.com', NULL, 'Bla', 'Bla', 'man', '2018-05-03', '2018-08-16 11:31:00', '2018-08-16 11:31:00', 0, '/author-main1.jpg', 0, 0, '801b577be831f00f888334d56c4e846f'),
(48, 'Killo', 0, 0, '902dbf32588a8f8b2113ba83e5fb548818e97978c38ca792149dc3f6f530911de7ddca0bb6d5b32b824fd06899357e5e2200cad69e8febf794eaed5095723ae5', 'lok@pay-mon.com', NULL, 'Killo', 'Gram', 'man', '2018-05-14', '2018-08-16 11:32:35', '2018-08-16 11:32:35', 1, '/author-main1.jpg', 0, 10, '40f9b148d853beb57113bb0ffb7f5d6c'),
(49, 'Keklol', 0, 0, '902dbf32588a8f8b2113ba83e5fb548818e97978c38ca792149dc3f6f530911de7ddca0bb6d5b32b824fd06899357e5e2200cad69e8febf794eaed5095723ae5', 'asdqwe3123@pay-mon.com', NULL, 'Kek', 'Lol', 'man', '2018-05-17', '2018-08-16 14:08:02', '2018-08-16 14:08:02', 0, '/author-main1.jpg', 0, 16, '0181e3c51e493dc498f5535580714c90'),
(50, 'vova', 0, 0, '94cd01f0f066cbf46b61153f522f4380093ae901992b3e502018bda29b2f05534d95b9b8a512d349c8834a29a81dad8f69182a15a9a4d6a6d981dd389b206323', 'volodymyr.shkykavyi@gmail.com', NULL, 'qwe', 'qwe', 'man', '1990-06-03', '2018-08-16 16:56:58', '2018-08-16 16:56:58', 1, '/author-main1.jpg', 0, 15, '0696ba210ab70c3b2a48d8a1d66ad04f'),
(51, 'vova2', 0, 0, '94cd01f0f066cbf46b61153f522f4380093ae901992b3e502018bda29b2f05534d95b9b8a512d349c8834a29a81dad8f69182a15a9a4d6a6d981dd389b206323', 'jicajabimu@poly-swarm.com', NULL, '1', '1', 'man', '2018-06-14', '2018-08-16 17:04:49', '2018-08-16 17:04:49', 1, '/author-main1.jpg', 0, 10, 'bbea4e28b445da7c525bdd4b3c312dbc'),
(52, 'Cheker', 0, 0, '902dbf32588a8f8b2113ba83e5fb548818e97978c38ca792149dc3f6f530911de7ddca0bb6d5b32b824fd06899357e5e2200cad69e8febf794eaed5095723ae5', 'SoulRaven92@gmail.com', NULL, 'Che', 'Ker', 'man', '1018-07-19', '2018-08-20 09:49:10', '2018-08-20 09:49:10', 1, '/author-main1.jpg', 0, 10, '0cb15a603133015a007dbbb85edbab48');

-- --------------------------------------------------------

--
-- Структура таблицы `user_details`
--

CREATE TABLE `user_details` (
  `id_user` int(10) UNSIGNED NOT NULL,
  `description` text,
  `fb_page` text NOT NULL,
  `twitter_page` text NOT NULL,
  `sexual_preferences` enum('male','female','bi','') NOT NULL DEFAULT 'bi'
) ENGINE=MyISAM DEFAULT CHARSET=utf8;

--
-- Дамп данных таблицы `user_details`
--

INSERT INTO `user_details` (`id_user`, `description`, `fb_page`, `twitter_page`, `sexual_preferences`) VALUES
(13, '', '', '', 'bi'),
(18, '', '', '', 'male'),
(16, 'vetal вжувхужвх', 'https://www.facebook.com/profile.php?id=100013441119146', 'https://twitter.com/martynowaa', 'bi'),
(17, 'tconnect', '', '', 'bi'),
(19, '', '', '', 'bi'),
(15, '', '', '', 'bi');

-- --------------------------------------------------------

--
-- Структура таблицы `user_reports`
--

CREATE TABLE `user_reports` (
  `id` int(10) UNSIGNED NOT NULL,
  `id_user` int(10) UNSIGNED NOT NULL,
  `id_user_from` int(10) UNSIGNED NOT NULL,
  `checked` tinyint(1) NOT NULL DEFAULT '0'
) ENGINE=MyISAM DEFAULT CHARSET=utf8;

--
-- Дамп данных таблицы `user_reports`
--

INSERT INTO `user_reports` (`id`, `id_user`, `id_user_from`, `checked`) VALUES
(2, 16, 19, 1),
(3, 16, 18, 1),
(4, 17, 18, 1),
(5, 16, 11, 1),
(7, 18, 19, 0),
(8, 18, 21, 0),
(9, 21, 23, 0),
(10, 17, 21, 0),
(11, 22, 16, 0),
(12, 18, 16, 0),
(13, 18, 15, 0),
(14, 13, 15, 1);

-- --------------------------------------------------------

--
-- Структура таблицы `user_tags`
--

CREATE TABLE `user_tags` (
  `id_user` int(10) UNSIGNED NOT NULL,
  `id_tag` int(10) UNSIGNED NOT NULL
) ENGINE=MyISAM DEFAULT CHARSET=utf8;

--
-- Дамп данных таблицы `user_tags`
--

INSERT INTO `user_tags` (`id_user`, `id_tag`) VALUES
(15, 5),
(15, 7),
(15, 8),
(15, 9),
(16, 10),
(16, 11),
(19, 1),
(19, 2),
(19, 3),
(19, 6),
(20, 4);

--
-- Индексы сохранённых таблиц
--

--
-- Индексы таблицы `chats`
--
ALTER TABLE `chats`
  ADD PRIMARY KEY (`id`),
  ADD KEY `fk_location_id_user` (`id_user`);

--
-- Индексы таблицы `friends`
--
ALTER TABLE `friends`
  ADD PRIMARY KEY (`id`);

--
-- Индексы таблицы `location`
--
ALTER TABLE `location`
  ADD PRIMARY KEY (`id`),
  ADD KEY `fk_location_id_user` (`id_user`);

--
-- Индексы таблицы `messages`
--
ALTER TABLE `messages`
  ADD PRIMARY KEY (`id_message`),
  ADD KEY `id_user_from` (`id_user_from`),
  ADD KEY `id_user_to` (`id_user_to`),
  ADD KEY `id_chat_room` (`id_chat_room`);

--
-- Индексы таблицы `notifications`
--
ALTER TABLE `notifications`
  ADD PRIMARY KEY (`id`),
  ADD UNIQUE KEY `id_user_from` (`id_user_from`,`id_user`,`type`);

--
-- Индексы таблицы `photos`
--
ALTER TABLE `photos`
  ADD PRIMARY KEY (`id`);

--
-- Индексы таблицы `settings`
--
ALTER TABLE `settings`
  ADD KEY `id_user` (`id_user`);

--
-- Индексы таблицы `tags`
--
ALTER TABLE `tags`
  ADD PRIMARY KEY (`id`);

--
-- Индексы таблицы `users`
--
ALTER TABLE `users`
  ADD PRIMARY KEY (`id`);

--
-- Индексы таблицы `user_details`
--
ALTER TABLE `user_details`
  ADD PRIMARY KEY (`id_user`);

--
-- Индексы таблицы `user_reports`
--
ALTER TABLE `user_reports`
  ADD PRIMARY KEY (`id`),
  ADD UNIQUE KEY `id_user` (`id_user`,`id_user_from`);

--
-- Индексы таблицы `user_tags`
--
ALTER TABLE `user_tags`
  ADD UNIQUE KEY `id_user` (`id_user`,`id_tag`);

--
-- AUTO_INCREMENT для сохранённых таблиц
--

--
-- AUTO_INCREMENT для таблицы `chats`
--
ALTER TABLE `chats`
  MODIFY `id` int(10) UNSIGNED NOT NULL AUTO_INCREMENT, AUTO_INCREMENT=28;

--
-- AUTO_INCREMENT для таблицы `friends`
--
ALTER TABLE `friends`
  MODIFY `id` int(10) UNSIGNED NOT NULL AUTO_INCREMENT, AUTO_INCREMENT=148;

--
-- AUTO_INCREMENT для таблицы `location`
--
ALTER TABLE `location`
  MODIFY `id` int(10) UNSIGNED NOT NULL AUTO_INCREMENT, AUTO_INCREMENT=47;

--
-- AUTO_INCREMENT для таблицы `messages`
--
ALTER TABLE `messages`
  MODIFY `id_message` int(10) UNSIGNED NOT NULL AUTO_INCREMENT, AUTO_INCREMENT=899;

--
-- AUTO_INCREMENT для таблицы `notifications`
--
ALTER TABLE `notifications`
  MODIFY `id` int(10) UNSIGNED NOT NULL AUTO_INCREMENT, AUTO_INCREMENT=133;

--
-- AUTO_INCREMENT для таблицы `photos`
--
ALTER TABLE `photos`
  MODIFY `id` int(10) UNSIGNED NOT NULL AUTO_INCREMENT, AUTO_INCREMENT=33;

--
-- AUTO_INCREMENT для таблицы `tags`
--
ALTER TABLE `tags`
  MODIFY `id` int(10) UNSIGNED NOT NULL AUTO_INCREMENT, AUTO_INCREMENT=12;

--
-- AUTO_INCREMENT для таблицы `users`
--
ALTER TABLE `users`
  MODIFY `id` int(10) UNSIGNED NOT NULL AUTO_INCREMENT, AUTO_INCREMENT=53;

--
-- AUTO_INCREMENT для таблицы `user_reports`
--
ALTER TABLE `user_reports`
  MODIFY `id` int(10) UNSIGNED NOT NULL AUTO_INCREMENT, AUTO_INCREMENT=15;

--
-- Ограничения внешнего ключа сохраненных таблиц
--

--
-- Ограничения внешнего ключа таблицы `messages`
--
ALTER TABLE `messages`
  ADD CONSTRAINT `messages_ibfk_1` FOREIGN KEY (`id_user_from`) REFERENCES `users` (`id`) ON DELETE CASCADE,
  ADD CONSTRAINT `messages_ibfk_2` FOREIGN KEY (`id_user_to`) REFERENCES `users` (`id`) ON DELETE CASCADE,
  ADD CONSTRAINT `messages_ibfk_3` FOREIGN KEY (`id_chat_room`) REFERENCES `chats` (`id`) ON DELETE CASCADE;
COMMIT;

/*!40101 SET CHARACTER_SET_CLIENT=@OLD_CHARACTER_SET_CLIENT */;
/*!40101 SET CHARACTER_SET_RESULTS=@OLD_CHARACTER_SET_RESULTS */;
/*!40101 SET COLLATION_CONNECTION=@OLD_COLLATION_CONNECTION */;
