-- phpMyAdmin SQL Dump
-- version 4.7.9
-- https://www.phpmyadmin.net/
--
-- Хост: 127.0.0.1:3306
-- Время создания: Июл 31 2018 г., 09:19
-- Версия сервера: 5.7.21
-- Версия PHP: 7.2.4

SET SQL_MODE = "NO_AUTO_VALUE_ON_ZERO";
SET AUTOCOMMIT = 0;
START TRANSACTION;
SET time_zone = "+00:00";

--
-- База данных: `db_matcha`
--

-- --------------------------------------------------------

--
-- Структура таблицы `chats`
--

DROP TABLE IF EXISTS `chats`;
CREATE TABLE IF NOT EXISTS `chats` (
  `id` int(10) UNSIGNED NOT NULL AUTO_INCREMENT,
  `id_user` int(10) UNSIGNED NOT NULL,
  `id_sob` int(10) UNSIGNED NOT NULL,
  PRIMARY KEY (`id`),
  KEY `fk_location_id_user` (`id_user`)
) ENGINE=InnoDB AUTO_INCREMENT=16 DEFAULT CHARSET=utf8;

--
-- Дамп данных таблицы `chats`
--

INSERT INTO `chats` (`id`, `id_user`, `id_sob`) VALUES
(3, 13, 14),
(5, 15, 13),
(6, 14, 15),
(7, 13, 16),
(8, 16, 15),
(9, 16, 17),
(10, 17, 15),
(11, 17, 13),
(12, 16, 18),
(13, 17, 18),
(14, 19, 16),
(15, 19, 18);

-- --------------------------------------------------------

--
-- Структура таблицы `friends`
--

DROP TABLE IF EXISTS `friends`;
CREATE TABLE IF NOT EXISTS `friends` (
  `id` int(10) UNSIGNED NOT NULL AUTO_INCREMENT,
  `from_request` int(10) UNSIGNED NOT NULL,
  `to_request` int(10) UNSIGNED NOT NULL,
  `status` tinyint(1) NOT NULL DEFAULT '0',
  `date` timestamp NOT NULL DEFAULT CURRENT_TIMESTAMP,
  PRIMARY KEY (`id`)
) ENGINE=InnoDB AUTO_INCREMENT=34 DEFAULT CHARSET=utf8;

--
-- Дамп данных таблицы `friends`
--

INSERT INTO `friends` (`id`, `from_request`, `to_request`, `status`, `date`) VALUES
(21, 14, 13, 1, '2018-07-25 17:06:51'),
(23, 15, 14, 1, '2018-07-26 14:50:17'),
(24, 13, 15, 1, '2018-07-26 14:55:53'),
(25, 16, 13, 1, '2018-07-28 09:37:54'),
(26, 15, 16, 1, '2018-07-28 09:43:39'),
(27, 17, 16, 1, '2018-07-28 10:00:09'),
(28, 15, 17, 1, '2018-07-28 10:00:26'),
(29, 13, 17, 1, '2018-07-28 10:00:48'),
(30, 18, 19, 1, '2018-07-28 15:20:17'),
(33, 19, 18, 1, '2018-07-31 09:13:09');

-- --------------------------------------------------------

--
-- Структура таблицы `location`
--

DROP TABLE IF EXISTS `location`;
CREATE TABLE IF NOT EXISTS `location` (
  `id` int(10) UNSIGNED NOT NULL AUTO_INCREMENT,
  `lat` varchar(25) NOT NULL,
  `lng` varchar(25) NOT NULL,
  `id_user` int(10) UNSIGNED NOT NULL,
  PRIMARY KEY (`id`),
  KEY `fk_location_id_user` (`id_user`)
) ENGINE=InnoDB AUTO_INCREMENT=19 DEFAULT CHARSET=utf8;

--
-- Дамп данных таблицы `location`
--

INSERT INTO `location` (`id`, `lat`, `lng`, `id_user`) VALUES
(13, '50.49574491816457', '30.532680847167967', 13),
(14, '50.468', '30.452', 15),
(15, '42.419982749039036', '69.6163551513672', 16),
(16, '44.498291423494486', '34.17034074707033', 17),
(17, '50.32723373920806', '30.46882793350221', 18),
(18, '50.4547', '30.5238', 19);

-- --------------------------------------------------------

--
-- Структура таблицы `messages`
--

DROP TABLE IF EXISTS `messages`;
CREATE TABLE IF NOT EXISTS `messages` (
  `id_message` int(10) UNSIGNED NOT NULL AUTO_INCREMENT,
  `id_chat_room` int(10) UNSIGNED NOT NULL,
  `id_user_from` int(10) UNSIGNED NOT NULL,
  `id_user_to` int(10) UNSIGNED NOT NULL,
  `messadge` text NOT NULL,
  `date_creation` timestamp NOT NULL DEFAULT CURRENT_TIMESTAMP,
  `read_status` tinyint(1) NOT NULL DEFAULT '0',
  PRIMARY KEY (`id_message`),
  KEY `id_user_from` (`id_user_from`),
  KEY `id_user_to` (`id_user_to`),
  KEY `id_chat_room` (`id_chat_room`)
) ENGINE=InnoDB AUTO_INCREMENT=254 DEFAULT CHARSET=utf8;

--
-- Дамп данных таблицы `messages`
--

INSERT INTO `messages` (`id_message`, `id_chat_room`, `id_user_from`, `id_user_to`, `messadge`, `date_creation`, `read_status`) VALUES
(1, 3, 13, 14, 'asdasd', '2018-07-26 14:38:57', 0),
(2, 3, 13, 14, 'asdasd', '2018-07-26 14:43:52', 0),
(3, 3, 13, 14, 'aljfnkdjgf\n', '2018-07-26 14:44:39', 0),
(4, 3, 14, 13, 'FFF\n', '2018-07-26 14:48:07', 0),
(5, 3, 13, 14, 'Lolkek', '2018-07-26 14:48:17', 0),
(6, 3, 13, 14, '∫фыв', '2018-07-26 14:48:27', 0),
(7, 3, 13, 14, 'x`z`zx\n', '2018-07-26 14:53:24', 0),
(10, 3, 14, 13, 'ihsdf', '2018-07-26 14:57:24', 0),
(13, 3, 14, 13, 'asdasdasdasd', '2018-07-26 14:57:49', 0),
(14, 5, 13, 15, 'jhdsf', '2018-07-26 15:12:51', 0),
(15, 5, 15, 13, 'slajbdfhksudyf', '2018-07-26 15:12:56', 0),
(16, 5, 15, 13, 'osdhflkdfg', '2018-07-26 15:27:30', 0),
(17, 5, 15, 13, 'ousdhfi\n', '2018-07-26 15:35:15', 0),
(18, 5, 15, 13, 'asd', '2018-07-26 15:35:20', 0),
(19, 5, 15, 13, 'qweqwe', '2018-07-26 15:35:25', 0),
(20, 5, 15, 13, 'qweqwe', '2018-07-26 15:35:42', 0),
(21, 5, 15, 13, 'zxc', '2018-07-26 15:35:45', 0),
(22, 5, 15, 13, 'asdasd', '2018-07-26 15:36:00', 0),
(23, 5, 15, 13, 'asdasd', '2018-07-26 15:36:33', 0),
(24, 5, 15, 13, 'zxczxc', '2018-07-26 15:36:36', 0),
(25, 5, 15, 13, 'bbb', '2018-07-26 15:36:39', 0),
(26, 5, 15, 13, 'mmm', '2018-07-26 15:36:44', 0),
(27, 5, 15, 13, 'asdasdtttt', '2018-07-26 15:39:55', 0),
(28, 5, 15, 13, 'asqweqwe1111', '2018-07-26 15:40:20', 0),
(29, 5, 15, 13, '555', '2018-07-26 15:40:30', 0),
(30, 5, 15, 13, 'asd', '2018-07-26 15:41:55', 0),
(31, 5, 15, 13, '000', '2018-07-26 15:46:49', 0),
(32, 5, 15, 13, '555', '2018-07-26 15:47:57', 0),
(33, 5, 15, 13, '666', '2018-07-26 15:48:03', 0),
(34, 5, 15, 13, 'yyy', '2018-07-26 15:48:17', 0),
(35, 5, 15, 13, 'ipdfjsp', '2018-07-26 15:48:40', 0),
(36, 5, 13, 15, '2348', '2018-07-26 15:49:44', 0),
(37, 5, 13, 15, 'xzc', '2018-07-26 15:49:50', 0),
(38, 5, 15, 13, 'Go dotka', '2018-07-26 15:51:59', 0),
(39, 5, 15, 13, 'asd', '2018-07-26 15:54:16', 0),
(40, 5, 15, 13, '8', '2018-07-26 16:15:53', 0),
(41, 5, 15, 13, '', '2018-07-26 16:15:55', 0),
(42, 5, 15, 13, '', '2018-07-26 16:15:57', 0),
(43, 5, 15, 13, 'asd', '2018-07-26 16:16:46', 0),
(44, 5, 15, 13, '1', '2018-07-26 16:16:48', 0),
(45, 5, 15, 13, '123', '2018-07-26 16:40:00', 0),
(46, 5, 15, 13, '44', '2018-07-26 16:45:16', 0),
(47, 5, 15, 13, 'ооо', '2018-07-26 16:59:45', 0),
(48, 5, 15, 13, '12324', '2018-07-26 17:01:28', 0),
(49, 5, 15, 13, 'мм', '2018-07-26 17:01:34', 0),
(50, 5, 15, 13, 'йууйцу', '2018-07-26 17:01:53', 0),
(51, 5, 15, 13, 'йцуй', '2018-07-26 17:02:04', 0),
(52, 5, 15, 13, 'йцу', '2018-07-26 17:02:31', 0),
(53, 5, 15, 13, 'фівфів', '2018-07-26 17:03:51', 0),
(54, 5, 15, 13, 'фівфів', '2018-07-26 17:03:55', 0),
(55, 5, 13, 15, 'фівфі', '2018-07-26 17:04:01', 0),
(56, 5, 13, 15, 'фів', '2018-07-26 17:04:32', 0),
(57, 5, 15, 13, '123', '2018-07-26 17:04:36', 0),
(58, 5, 15, 13, 'ззз', '2018-07-26 17:04:52', 0),
(59, 5, 15, 13, 'фівфів', '2018-07-26 17:06:48', 0),
(60, 5, 15, 13, 'фів123', '2018-07-26 17:07:12', 0),
(61, 5, 15, 13, 'asdasd', '2018-07-26 17:09:00', 0),
(62, 6, 14, 15, 'awe', '2018-07-26 17:12:47', 0),
(63, 3, 14, 13, '123', '2018-07-26 17:12:51', 0),
(64, 3, 14, 13, 'xxc', '2018-07-26 17:15:39', 0),
(65, 3, 14, 13, 'qweqwe', '2018-07-26 17:20:19', 0),
(66, 3, 14, 13, 'цйушкгнцйушгк', '2018-07-26 17:32:50', 0),
(67, 3, 14, 13, 'йцшну', '2018-07-26 17:33:05', 0),
(68, 3, 14, 13, 'фвффыффыв', '2018-07-26 17:33:19', 0),
(69, 3, 14, 13, '123', '2018-07-26 17:33:39', 0),
(70, 3, 13, 14, '8цу9823', '2018-07-26 17:34:04', 0),
(71, 5, 15, 13, 'asd', '2018-07-27 09:14:02', 0),
(72, 5, 15, 13, '1', '2018-07-27 09:14:06', 0),
(73, 5, 15, 13, 'asd', '2018-07-27 09:14:40', 0),
(74, 5, 15, 13, 'tt', '2018-07-27 09:15:45', 0),
(75, 5, 15, 13, 'qwe', '2018-07-27 09:16:29', 0),
(76, 5, 15, 13, 'asd', '2018-07-27 09:18:05', 0),
(77, 5, 15, 13, 'asd', '2018-07-27 09:19:22', 0),
(78, 5, 15, 13, '123', '2018-07-27 09:19:36', 0),
(79, 5, 15, 13, 'v', '2018-07-27 09:19:43', 0),
(80, 5, 15, 13, 'asd', '2018-07-27 09:31:33', 0),
(81, 5, 15, 13, 'asd', '2018-07-27 09:31:38', 0),
(82, 5, 15, 13, '213', '2018-07-27 09:31:42', 0),
(83, 5, 15, 13, 'ad', '2018-07-27 09:31:51', 0),
(84, 5, 15, 13, 'kl;kl', '2018-07-27 09:31:56', 0),
(85, 5, 15, 13, 's;dhigoier', '2018-07-27 09:32:03', 0),
(86, 5, 15, 13, ';', '2018-07-27 09:32:13', 0),
(87, 5, 15, 13, 'ashdiasd', '2018-07-27 09:44:02', 0),
(88, 5, 15, 13, 'asdf\n', '2018-07-27 09:44:19', 0),
(89, 5, 15, 13, 'zxc', '2018-07-27 09:44:31', 0),
(90, 5, 15, 13, 'asdasd', '2018-07-27 10:16:49', 0),
(91, 5, 15, 13, '123', '2018-07-27 10:17:00', 0),
(92, 5, 15, 13, 'zxc', '2018-07-27 10:17:02', 0),
(93, 5, 15, 13, 'nnn', '2018-07-27 10:17:05', 0),
(94, 5, 15, 13, 'q888', '2018-07-27 10:17:22', 0),
(95, 5, 15, 13, '`zx', '2018-07-27 10:17:30', 0),
(96, 5, 15, 13, 'wqe', '2018-07-27 10:17:35', 0),
(97, 5, 15, 13, 'nnn', '2018-07-27 10:17:39', 0),
(98, 5, 15, 13, 'asd', '2018-07-27 10:28:14', 0),
(99, 5, 15, 13, 'asd', '2018-07-27 10:30:06', 0),
(100, 5, 15, 13, 'asd', '2018-07-27 10:30:10', 0),
(101, 5, 15, 13, 'zxc', '2018-07-27 10:30:13', 0),
(102, 5, 13, 15, 'ksfd', '2018-07-27 10:36:40', 0),
(103, 5, 15, 13, 'asd', '2018-07-27 14:24:33', 0),
(104, 5, 15, 13, 'фів', '2018-07-27 14:25:38', 0),
(105, 5, 15, 13, '123', '2018-07-27 14:28:20', 0),
(106, 5, 15, 13, 'asd', '2018-07-27 14:30:16', 0),
(107, 5, 15, 13, 'asd', '2018-07-27 14:30:59', 0),
(108, 5, 15, 13, 'qwe', '2018-07-27 14:31:08', 0),
(109, 5, 15, 13, 'asdasd', '2018-07-27 14:33:36', 0),
(110, 5, 15, 13, 'asd', '2018-07-27 14:33:42', 0),
(111, 5, 15, 13, 'asd', '2018-07-27 14:38:32', 0),
(112, 5, 15, 13, 'asd', '2018-07-27 14:38:37', 0),
(113, 5, 15, 13, '123', '2018-07-27 14:38:46', 0),
(114, 5, 15, 13, 'asd', '2018-07-27 14:38:54', 0),
(115, 5, 15, 13, 'qweqwe', '2018-07-27 14:39:51', 0),
(116, 5, 15, 13, 'йцу', '2018-07-27 14:42:00', 0),
(117, 5, 15, 13, 'asd', '2018-07-28 05:18:24', 0),
(118, 5, 15, 13, 'asd', '2018-07-28 05:25:56', 0),
(119, 5, 15, 13, 'asd', '2018-07-28 06:16:18', 0),
(120, 5, 15, 13, 'qwe123', '2018-07-28 06:16:26', 0),
(121, 5, 15, 13, '123', '2018-07-28 06:18:25', 0),
(122, 5, 15, 13, '123', '2018-07-28 06:18:37', 0),
(123, 5, 15, 13, 'zxc', '2018-07-28 06:18:40', 0),
(124, 5, 15, 13, 'vv', '2018-07-28 06:18:59', 0),
(125, 3, 13, 14, 'zxc', '2018-07-28 06:19:16', 0),
(126, 3, 13, 14, 'vv', '2018-07-28 06:19:19', 0),
(127, 5, 13, 15, 'ggg', '2018-07-28 06:19:22', 0),
(128, 5, 13, 15, '123', '2018-07-28 06:20:47', 0),
(129, 5, 13, 15, ';k;l;', '2018-07-28 06:22:07', 0),
(130, 3, 13, 14, 'jlashd;', '2018-07-28 06:24:06', 0),
(131, 5, 13, 15, 'z.z.', '2018-07-28 06:24:30', 0),
(132, 3, 13, 14, 'asd', '2018-07-28 06:24:38', 0),
(133, 3, 13, 14, 'zxc', '2018-07-28 06:24:41', 0),
(134, 3, 13, 14, 'vvv', '2018-07-28 06:24:44', 0),
(135, 5, 13, 15, 'zxc', '2018-07-28 06:24:56', 0),
(136, 5, 13, 15, 'asd', '2018-07-28 06:26:10', 0),
(137, 3, 13, 14, 'asd', '2018-07-28 06:26:22', 0),
(138, 5, 13, 15, 'rrr', '2018-07-28 06:27:00', 0),
(139, 3, 13, 14, '123', '2018-07-28 06:39:46', 0),
(140, 3, 13, 14, 'фів', '2018-07-28 06:40:27', 0),
(141, 5, 13, 15, 'ячс', '2018-07-28 06:40:39', 0),
(142, 5, 15, 13, 'йцу', '2018-07-28 06:40:47', 0),
(143, 5, 13, 15, 'діолфиат', '2018-07-28 06:40:57', 0),
(144, 5, 13, 15, 'asd', '2018-07-28 09:11:12', 0),
(145, 5, 13, 15, '213', '2018-07-28 09:11:16', 0),
(146, 5, 13, 15, 'asdasd', '2018-07-28 09:11:22', 0),
(147, 7, 13, 16, 'йцу', '2018-07-28 09:39:02', 0),
(148, 7, 13, 16, 'Привет \n', '2018-07-28 09:39:15', 0),
(149, 7, 13, 16, 'К\n', '2018-07-28 09:39:53', 0),
(150, 7, 13, 16, '123', '2018-07-28 09:41:30', 0),
(151, 5, 15, 13, 'йцу', '2018-07-28 09:44:30', 0),
(152, 6, 15, 14, 'фів', '2018-07-28 09:44:38', 0),
(153, 7, 13, 16, '123', '2018-07-28 09:45:48', 0),
(154, 7, 13, 16, 'qwe', '2018-07-28 09:46:02', 0),
(155, 7, 13, 16, '123', '2018-07-28 09:46:43', 0),
(156, 7, 13, 16, 'asd', '2018-07-28 09:47:19', 0),
(157, 7, 16, 13, '123', '2018-07-28 09:48:16', 0),
(158, 7, 13, 16, 'lolkek?\n', '2018-07-28 09:48:53', 0),
(159, 7, 16, 13, 'привет птичка\nтебя покормить?', '2018-07-28 09:48:53', 0),
(160, 7, 13, 16, 'да детка\n', '2018-07-28 09:49:02', 0),
(161, 7, 13, 16, 'покаорми меня', '2018-07-28 09:49:07', 0),
(162, 7, 16, 13, 'почему у меня на аве умножение? это соцсеть для программистов?', '2018-07-28 09:49:12', 0),
(163, 7, 16, 13, 'что тут делает птица?', '2018-07-28 09:49:21', 0),
(164, 7, 16, 13, 'у тебя же лапки', '2018-07-28 09:49:26', 0),
(165, 7, 13, 16, 'для продвинутых пользоватилей', '2018-07-28 09:49:27', 0),
(166, 7, 13, 16, 'телега', '2018-07-28 09:49:55', 0),
(167, 7, 16, 13, 'оно видно что АДМИН ПТЫЦА', '2018-07-28 09:50:00', 0),
(168, 7, 13, 16, 'птычка вообщето', '2018-07-28 09:50:10', 0),
(169, 7, 16, 13, 'кнопащки не рабоют 1! админ фикси', '2018-07-28 09:50:13', 0),
(170, 7, 13, 16, 'какие?', '2018-07-28 09:50:27', 0),
(171, 7, 16, 13, '122 сообщения!!!!!!!!!!!', '2018-07-28 09:51:30', 0),
(172, 7, 16, 13, 'хватит спамить!', '2018-07-28 09:51:36', 0),
(173, 7, 16, 13, 'в чс добавлю!', '2018-07-28 09:51:39', 0),
(174, 7, 16, 13, 'фывфывфыв', '2018-07-28 09:51:50', 0),
(175, 7, 13, 16, 'угу)\n', '2018-07-28 09:51:56', 0),
(176, 7, 16, 13, 'вжух вжух и ты забанен!', '2018-07-28 09:52:11', 0),
(177, 7, 13, 16, 'могу тебя забанить )', '2018-07-28 09:52:19', 0),
(178, 7, 16, 13, 'а ну попробуй петушок', '2018-07-28 09:52:48', 0),
(179, 8, 15, 16, 'Привет', '2018-07-28 09:54:00', 0),
(180, 8, 15, 16, 'Вжух \n', '2018-07-28 09:54:05', 0),
(181, 8, 15, 16, 'Думаешь ?', '2018-07-28 09:54:13', 0),
(182, 8, 16, 15, 'а ты думаешь?\n', '2018-07-28 09:54:31', 0),
(183, 8, 16, 15, 'а ты кто? как меня нашел? у меня же нет авки', '2018-07-28 09:54:40', 0),
(184, 8, 15, 16, 'думаю \n', '2018-07-28 09:54:44', 0),
(185, 8, 15, 16, 'Роман всегда думает', '2018-07-28 09:54:49', 0),
(186, 7, 13, 16, 'я тоже думаю', '2018-07-28 09:54:57', 0),
(187, 7, 13, 16, 'Ало', '2018-07-28 09:55:01', 0),
(188, 8, 16, 15, 'а где доказательство что ты роман?', '2018-07-28 09:55:03', 0),
(189, 7, 16, 13, 'я на проводе', '2018-07-28 09:55:22', 0),
(190, 9, 17, 16, 'Hi baby', '2018-07-28 10:01:30', 0),
(191, 9, 17, 16, 'send nudes', '2018-07-28 10:01:36', 0),
(192, 9, 16, 17, 'тебе 16ююю', '2018-07-28 10:01:43', 0),
(193, 9, 16, 17, 'а мне 45', '2018-07-28 10:01:48', 0),
(194, 9, 17, 16, 'send nudes', '2018-07-28 10:01:57', 0),
(195, 9, 16, 17, 'все ок мальик?', '2018-07-28 10:01:57', 0),
(196, 10, 17, 15, 'hi\n', '2018-07-28 10:02:14', 0),
(197, 9, 17, 16, '+\n', '2018-07-28 10:02:38', 0),
(198, 9, 16, 17, 'вжух', '2018-07-28 10:02:58', 0),
(199, 9, 16, 17, '<3\n', '2018-07-28 10:03:35', 0),
(200, 9, 16, 17, 'Bitconneeeeeeeeect', '2018-07-28 10:03:43', 0),
(201, 9, 17, 16, '<3\n', '2018-07-28 10:03:48', 0),
(202, 9, 17, 16, 'мать помоги с принтфом', '2018-07-28 10:03:59', 0),
(203, 9, 16, 17, 'мальчик не ошибайса', '2018-07-28 10:04:32', 0),
(204, 9, 17, 16, 'памоги', '2018-07-28 10:05:53', 0),
(205, 9, 17, 16, 'виталя не читай плиз\n', '2018-07-28 10:14:36', 0),
(206, 7, 16, 13, 'пр', '2018-07-28 11:15:44', 0),
(207, 7, 16, 13, 'не ожидал]/', '2018-07-28 11:15:54', 0),
(208, 8, 15, 16, 'А где доказательство что ты мартинка ?\n', '2018-07-28 11:16:15', 0),
(209, 7, 16, 13, 'df', '2018-07-28 12:45:05', 0),
(210, 7, 16, 13, 'df', '2018-07-28 12:45:07', 0),
(211, 7, 16, 13, 'dfdfdf', '2018-07-28 12:45:08', 0),
(212, 7, 16, 13, 'ава\n', '2018-07-28 12:48:57', 0),
(213, 7, 16, 13, 'ва', '2018-07-28 12:49:03', 0),
(214, 7, 16, 13, 'апапапап', '2018-07-28 12:49:05', 0),
(215, 7, 16, 13, 'вава', '2018-07-28 12:49:45', 0),
(216, 7, 16, 13, 'отвечай ', '2018-07-28 12:49:51', 0),
(217, 7, 16, 13, 'быстро!', '2018-07-28 12:49:54', 0),
(218, 8, 16, 15, 'вава', '2018-07-28 12:50:03', 0),
(219, 9, 16, 17, 'вавава', '2018-07-28 12:50:06', 0),
(220, 9, 16, 17, 'вжухвжух', '2018-07-28 12:50:11', 0),
(221, 8, 15, 16, '123\n', '2018-07-28 12:50:11', 0),
(222, 8, 15, 16, 'Всмысле ?', '2018-07-28 12:50:23', 0),
(223, 7, 16, 13, 'ты попугай оторый умеет говорит?', '2018-07-28 12:50:28', 0),
(224, 9, 17, 16, 'я не вижу ваших вжух\n', '2018-07-28 12:51:20', 0),
(225, 8, 15, 16, 'йцу', '2018-07-28 12:53:01', 0),
(226, 8, 15, 16, 'фыв', '2018-07-28 12:55:14', 0),
(227, 5, 15, 13, 'qwe', '2018-07-28 13:11:53', 0),
(228, 8, 15, 16, '123', '2018-07-28 13:23:15', 0),
(229, 5, 15, 13, '1', '2018-07-28 13:41:26', 0),
(230, 7, 16, 13, 'fghj', '2018-07-28 15:14:06', 0),
(231, 5, 15, 13, 'вжух\n', '2018-07-28 15:15:42', 0),
(232, 5, 15, 13, 'ты тут,\n', '2018-07-28 15:15:52', 0),
(233, 7, 16, 13, 'woooow\n\n', '2018-07-28 15:16:02', 0),
(234, 7, 16, 13, 'no®µ tak tema', '2018-07-28 15:16:10', 0),
(235, 12, 16, 18, 'murmur', '2018-07-28 15:21:03', 0),
(236, 12, 18, 16, 'meowmeow', '2018-07-28 15:21:46', 0),
(237, 11, 17, 13, ':)\n', '2018-07-28 15:23:48', 0),
(238, 5, 15, 13, 'qwe', '2018-07-29 07:50:35', 0),
(239, 5, 15, 13, 'asd', '2018-07-29 07:50:39', 0),
(240, 6, 15, 14, '123', '2018-07-29 09:39:05', 0),
(241, 6, 15, 14, '123', '2018-07-29 09:39:08', 0),
(242, 10, 15, 17, '1', '2018-07-29 10:01:45', 0),
(243, 6, 14, 15, '123', '2018-07-29 10:14:02', 0),
(244, 6, 14, 15, '123', '2018-07-29 10:14:07', 0),
(245, 10, 15, 17, '11111111111111111111111111111111111111111111111111111111111111111111111111111111111111111111111111111111111111111111111111111111111111111111111111111111111111111111111111111111111111111111111111111111111111111111111111111111111111111111111111111111111111111111111111111111', '2018-07-29 10:18:09', 0),
(246, 6, 15, 14, '111111111111111111111111111111111111111111111111111111111111111111111111111111111111111111111111111111111111111111111111111111111111111111111111111111111111111111111111111111111111111111111111111111111111111111111111111111111111111111111111111111111111111111111111111111111111111111111111111111111111111111111111111111111111111111111111111111111111111111111111111111111111111111111111111111111111111111111111111111111111111111111111111111111111111111111111111111111111111111111111111111111111111111111111111111111111111111111111111111111111111111111111111111111111111111111111111111111111111111111111111111111111111111111111111111111111111111111111111111111111111111111111111111111111111111111111111111111111111111111111111111111111111111111111111111111111111111111111111111111111111111111111111111111111111111111111', '2018-07-29 10:18:27', 0),
(247, 6, 15, 14, 'uqwheuiuyqweuyioqwueoiqwuyeiw iweruy iwqeuryiwq yeriouyqw eioruyqwioeryieuwy riueqyriotuyeruityoierytoieuy iouwyeir uyqweryiowqeuyri yweir ywieuyr iowuey riuwy eriuyw eoiury wioeuyrioweu ', '2018-07-29 10:23:14', 0),
(248, 6, 15, 14, 'фыльаошывоарщвыаываыфвавфыпывапывапвыапвапвыапвыапывапывапвыапывапвыапвыапвыапывапывапвыапвыапвыапвыпаывапвыапвыапвапвапвыап', '2018-07-29 10:26:12', 0),
(249, 6, 15, 14, 'qwe', '2018-07-29 10:29:47', 0),
(250, 6, 15, 14, 'asdasdasdasd', '2018-07-29 10:29:59', 0),
(251, 6, 15, 14, ';lkjeo;iwjdwejp orkwpej owej foasdopifj opaiehfio aofj oasjfoiwjefoij woifjpsd fosajdofjasodifjosidjf osidj of sodifj osdjf osijdfoisodif josidjf osjd fsodifj osdijf oisjdfij soidfjsjdofjsodifjo sidfi sdoif jsidfj oisjdif jsiodfjiosjfoijosjdf sdf isodif jsoidj fisj dfjisdjfsidj fisjd fiosjfisjfosdj fsdj fosijd fosjodfsjiad foisjdof ijsdjpf sa', '2018-07-29 10:30:47', 0),
(252, 6, 15, 14, 'o1i2uy8o hfisdbjsdhbfdsfasdfasdfsadfasdfasdfasdfsadfsadfasdfsadfsdfsadf', '2018-07-29 10:32:03', 0),
(253, 6, 14, 15, '123', '2018-07-29 11:54:36', 0);

-- --------------------------------------------------------

--
-- Структура таблицы `notifications`
--

DROP TABLE IF EXISTS `notifications`;
CREATE TABLE IF NOT EXISTS `notifications` (
  `id` int(10) UNSIGNED NOT NULL AUTO_INCREMENT,
  `id_user_from` int(10) UNSIGNED NOT NULL,
  `id_user` int(10) UNSIGNED NOT NULL,
  `type` enum('view_profile','accept_friend_request','remove_from_friend','') NOT NULL,
  `time` timestamp NOT NULL DEFAULT CURRENT_TIMESTAMP ON UPDATE CURRENT_TIMESTAMP,
  `viewed` tinyint(1) NOT NULL DEFAULT '0',
  PRIMARY KEY (`id`),
  UNIQUE KEY `id_user_from` (`id_user_from`,`id_user`,`type`)
) ENGINE=MyISAM AUTO_INCREMENT=50 DEFAULT CHARSET=utf8;

--
-- Дамп данных таблицы `notifications`
--

INSERT INTO `notifications` (`id`, `id_user_from`, `id_user`, `type`, `time`, `viewed`) VALUES
(10, 14, 13, 'view_profile', '2018-07-25 17:02:17', 1),
(11, 13, 14, 'accept_friend_request', '2018-07-25 17:06:54', 0),
(12, 14, 13, 'remove_from_friend', '2018-07-25 17:01:12', 1),
(13, 13, 14, 'view_profile', '2018-07-28 09:12:47', 0),
(14, 15, 13, 'view_profile', '2018-07-29 10:01:11', 0),
(15, 13, 15, 'accept_friend_request', '2018-07-26 08:29:57', 1),
(16, 13, 15, 'view_profile', '2018-07-28 11:22:53', 1),
(17, 15, 14, 'view_profile', '2018-07-28 10:18:04', 0),
(18, 14, 15, 'accept_friend_request', '2018-07-28 11:22:53', 1),
(19, 15, 13, 'accept_friend_request', '2018-07-31 08:38:19', 0),
(20, 16, 13, 'view_profile', '2018-07-28 15:25:26', 0),
(21, 13, 16, 'accept_friend_request', '2018-07-28 09:39:08', 1),
(22, 15, 16, 'view_profile', '2018-07-28 09:50:21', 1),
(23, 13, 16, 'view_profile', '2018-07-28 09:50:21', 1),
(24, 16, 15, 'view_profile', '2018-07-29 10:01:00', 1),
(25, 16, 15, 'accept_friend_request', '2018-07-28 11:22:53', 1),
(26, 17, 16, 'view_profile', '2018-07-28 15:24:33', 1),
(27, 16, 17, 'view_profile', '2018-07-28 15:26:38', 1),
(28, 16, 17, 'accept_friend_request', '2018-07-28 10:00:35', 1),
(29, 15, 17, 'view_profile', '2018-07-28 12:50:57', 1),
(30, 17, 15, 'accept_friend_request', '2018-07-28 11:22:53', 1),
(31, 17, 15, 'view_profile', '2018-07-28 11:22:53', 1),
(32, 13, 17, 'view_profile', '2018-07-28 10:01:15', 1),
(33, 17, 13, 'accept_friend_request', '2018-07-28 10:01:14', 0),
(34, 17, 19, 'view_profile', '2018-07-31 08:38:37', 1),
(35, 16, 14, 'view_profile', '2018-07-28 15:20:07', 0),
(36, 18, 16, 'view_profile', '2018-07-28 15:24:33', 1),
(37, 18, 17, 'view_profile', '2018-07-28 15:23:28', 1),
(38, 16, 18, 'view_profile', '2018-07-28 15:23:34', 1),
(39, 16, 18, 'accept_friend_request', '2018-07-28 15:23:34', 1),
(40, 18, 13, 'view_profile', '2018-07-28 15:22:47', 0),
(41, 18, 14, 'view_profile', '2018-07-28 15:22:50', 0),
(42, 18, 15, 'view_profile', '2018-07-29 10:01:00', 1),
(43, 17, 18, 'accept_friend_request', '2018-07-28 15:23:34', 1),
(44, 17, 18, 'view_profile', '2018-07-28 15:29:30', 0),
(45, 19, 16, 'view_profile', '2018-07-31 08:41:46', 0),
(46, 19, 16, 'remove_from_friend', '2018-07-31 07:39:33', 0),
(47, 19, 18, 'accept_friend_request', '2018-07-31 09:13:46', 0),
(48, 19, 18, 'view_profile', '2018-07-31 09:13:47', 0),
(49, 19, 18, 'remove_from_friend', '2018-07-31 09:13:06', 0);

-- --------------------------------------------------------

--
-- Структура таблицы `photos`
--

DROP TABLE IF EXISTS `photos`;
CREATE TABLE IF NOT EXISTS `photos` (
  `id` int(10) UNSIGNED NOT NULL,
  `id_user` int(10) UNSIGNED NOT NULL,
  `src` varchar(255) NOT NULL
) ENGINE=MyISAM DEFAULT CHARSET=utf8;

-- --------------------------------------------------------

--
-- Структура таблицы `settings`
--

DROP TABLE IF EXISTS `settings`;
CREATE TABLE IF NOT EXISTS `settings` (
  `id` int(10) UNSIGNED NOT NULL,
  `notification_sound` tinyint(1) NOT NULL DEFAULT '1',
  `notification_email` tinyint(1) NOT NULL DEFAULT '1',
  `messege_sound` tinyint(1) NOT NULL DEFAULT '1',
  `id_user` int(10) UNSIGNED NOT NULL,
  KEY `id_user` (`id_user`)
) ENGINE=InnoDB DEFAULT CHARSET=utf8;

-- --------------------------------------------------------

--
-- Структура таблицы `tags`
--

DROP TABLE IF EXISTS `tags`;
CREATE TABLE IF NOT EXISTS `tags` (
  `id` int(10) UNSIGNED NOT NULL AUTO_INCREMENT,
  `tag` varchar(255) NOT NULL,
  PRIMARY KEY (`id`)
) ENGINE=MyISAM AUTO_INCREMENT=4 DEFAULT CHARSET=utf8;

--
-- Дамп данных таблицы `tags`
--

INSERT INTO `tags` (`id`, `tag`) VALUES
(1, '123'),
(2, '123q'),
(3, 'qewqwe');

-- --------------------------------------------------------

--
-- Структура таблицы `users`
--

DROP TABLE IF EXISTS `users`;
CREATE TABLE IF NOT EXISTS `users` (
  `id` int(10) UNSIGNED NOT NULL AUTO_INCREMENT,
  `login` varchar(30) NOT NULL,
  `admin` tinyint(1) NOT NULL DEFAULT '0',
  `blocked` tinyint(1) NOT NULL DEFAULT '0',
  `password` text NOT NULL,
  `email` varchar(255) NOT NULL,
  `status` varchar(70) DEFAULT NULL,
  `firstName` varchar(50) NOT NULL,
  `lastName` varchar(50) NOT NULL,
  `gender` enum('man','woman') NOT NULL,
  `birthDate` date NOT NULL,
  `registerDate` timestamp NOT NULL DEFAULT CURRENT_TIMESTAMP,
  `lastAction` timestamp NOT NULL DEFAULT CURRENT_TIMESTAMP,
  `active` tinyint(1) NOT NULL DEFAULT '0',
  `img` varchar(255) DEFAULT '/author-main1.jpg',
  `IsOnline` tinyint(1) NOT NULL DEFAULT '0',
  PRIMARY KEY (`id`)
) ENGINE=InnoDB AUTO_INCREMENT=20 DEFAULT CHARSET=utf8;

--
-- Дамп данных таблицы `users`
--

INSERT INTO `users` (`id`, `login`, `admin`, `blocked`, `password`, `email`, `status`, `firstName`, `lastName`, `gender`, `birthDate`, `registerDate`, `lastAction`, `active`, `img`, `IsOnline`) VALUES
(13, 'ßßßßß', 0, 0, '902dbf32588a8f8b2113ba83e5fb548818e97978c38ca792149dc3f6f530911de7ddca0bb6d5b32b824fd06899357e5e2200cad69e8febf794eaed5095723ae5', 'coulraven@ukr.net', NULL, 'asdqwe', 'kek', 'man', '1198-06-23', '2018-07-25 16:55:24', '2018-07-25 16:55:24', 1, '/photo-item8.jpg', 0),
(14, 'LateV', 0, 0, '902dbf32588a8f8b2113ba83e5fb548818e97978c38ca792149dc3f6f530911de7ddca0bb6d5b32b824fd06899357e5e2200cad69e8febf794eaed5095723ae5', 'lol@kek.com', NULL, 'asd', 'asd', 'man', '2018-05-23', '2018-07-25 16:57:56', '2018-07-25 16:57:56', 1, '/Screen1.png', 1),
(15, 'Roman', 0, 0, '902dbf32588a8f8b2113ba83e5fb548818e97978c38ca792149dc3f6f530911de7ddca0bb6d5b32b824fd06899357e5e2200cad69e8febf794eaed5095723ae5', 'coul123123123rave123n@u123123kr.net', NULL, 'asdqwe', 'kek', 'man', '2018-05-01', '2018-07-26 08:26:16', '2018-07-26 08:26:16', 1, '/photo-item4.jpg', 1),
(16, 'martynka', 0, 0, '8ca0fd2adb6bb22a05fd7e712acf23a38270127b2dcde4b7824f18b78083ecb475113bcfbea4b74a1e5ed8f9947b1f54676acfa74a13af1ad7c52f9ce22d9cc3', 'Marta@matrta.com', NULL, 'Marta', 'Martynova', 'man', '1970-04-26', '2018-07-28 09:37:14', '2018-07-28 09:37:14', 1, '/author-main1.jpg', 1),
(17, '₿itconnect', 0, 0, '344907e89b981caf221d05f597eb57a6af408f15f4dd7895bbd1b96a2938ec24a7dcf23acb94ece0b6d7b0640358bc56bdb448194b9305311aff038a834a079f', '322@mail.ru', NULL, 'Carlos', 'Matos', 'man', '1998-06-26', '2018-07-28 09:59:22', '2018-07-28 09:59:22', 1, '/author-main1.jpg', 1),
(18, 'ikarachy', 0, 0, 'dcd4c99c29eb1414bf74a4eb950094caeae8ee05bbd7afd970532935cc43b34f9f213a17f19c2ec1cfe68eec4d255e69db9d3f65ad26d652651d2959c2208745', 'kuziczka4@gmail.com', NULL, 'Iryna', 'Karachynetska', 'woman', '1995-05-04', '2018-07-28 15:18:53', '2018-07-28 15:18:53', 1, '/author-main1.jpg', 1),
(19, 'root', 0, 0, '899b76161701a4111b36cbadd0d168e896f1e97d22b4f470331293b9d9bce5fd6a338b64bfd640b8d78ef3a465047886527e1c250d587ca7693f46d27ae8721a', 'qwe@asd', NULL, '123123', 'qwe', 'man', '1975-05-27', '2018-07-30 09:51:55', '2018-07-30 09:51:55', 1, '/author-main1.jpg', 0);

-- --------------------------------------------------------

--
-- Структура таблицы `user_details`
--

DROP TABLE IF EXISTS `user_details`;
CREATE TABLE IF NOT EXISTS `user_details` (
  `id_user` int(10) UNSIGNED NOT NULL,
  `description` text,
  `fb_page` text NOT NULL,
  `twitter_page` text NOT NULL,
  `sexual_preferences` enum('male','female','bi','') NOT NULL DEFAULT 'bi',
  PRIMARY KEY (`id_user`)
) ENGINE=MyISAM DEFAULT CHARSET=utf8;

--
-- Дамп данных таблицы `user_details`
--

INSERT INTO `user_details` (`id_user`, `description`, `fb_page`, `twitter_page`, `sexual_preferences`) VALUES
(13, '', '', '', 'bi'),
(18, '', '', '', 'male'),
(16, 'vetal вжувхужвх', '', '', 'female'),
(17, 'tconnect', '', '', 'bi');

-- --------------------------------------------------------

--
-- Структура таблицы `user_reports`
--

DROP TABLE IF EXISTS `user_reports`;
CREATE TABLE IF NOT EXISTS `user_reports` (
  `id` int(10) UNSIGNED NOT NULL AUTO_INCREMENT,
  `id_user` int(10) UNSIGNED NOT NULL,
  `id_user_from` int(10) UNSIGNED NOT NULL,
  `checked` tinyint(1) NOT NULL DEFAULT '0',
  PRIMARY KEY (`id`),
  UNIQUE KEY `id_user` (`id_user`,`id_user_from`)
) ENGINE=MyISAM AUTO_INCREMENT=8 DEFAULT CHARSET=utf8;

--
-- Дамп данных таблицы `user_reports`
--

INSERT INTO `user_reports` (`id`, `id_user`, `id_user_from`, `checked`) VALUES
(2, 16, 19, 1),
(3, 16, 18, 1),
(4, 17, 18, 1),
(5, 16, 11, 1),
(7, 18, 19, 0);

-- --------------------------------------------------------

--
-- Структура таблицы `user_tags`
--

DROP TABLE IF EXISTS `user_tags`;
CREATE TABLE IF NOT EXISTS `user_tags` (
  `id_user` int(10) UNSIGNED NOT NULL,
  `id_tag` int(10) UNSIGNED NOT NULL,
  UNIQUE KEY `id_user` (`id_user`,`id_tag`)
) ENGINE=MyISAM DEFAULT CHARSET=utf8;

--
-- Дамп данных таблицы `user_tags`
--

INSERT INTO `user_tags` (`id_user`, `id_tag`) VALUES
(19, 1),
(19, 2),
(19, 3);

--
-- Ограничения внешнего ключа сохраненных таблиц
--

--
-- Ограничения внешнего ключа таблицы `messages`
--
ALTER TABLE `messages`
  ADD CONSTRAINT `messages_ibfk_1` FOREIGN KEY (`id_user_from`) REFERENCES `users` (`id`) ON DELETE CASCADE,
  ADD CONSTRAINT `messages_ibfk_2` FOREIGN KEY (`id_user_to`) REFERENCES `users` (`id`) ON DELETE CASCADE,
  ADD CONSTRAINT `messages_ibfk_3` FOREIGN KEY (`id_chat_room`) REFERENCES `chats` (`id`) ON DELETE CASCADE;
COMMIT;
