-- phpMyAdmin SQL Dump
-- version 4.7.9
-- https://www.phpmyadmin.net/
--
-- Хост: localhost:3307
-- Время создания: Авг 02 2018 г., 23:33
-- Версия сервера: 5.7.21
-- Версия PHP: 7.1.16

SET SQL_MODE = "NO_AUTO_VALUE_ON_ZERO";
SET AUTOCOMMIT = 0;
START TRANSACTION;
SET time_zone = "+00:00";


/*!40101 SET @OLD_CHARACTER_SET_CLIENT=@@CHARACTER_SET_CLIENT */;
/*!40101 SET @OLD_CHARACTER_SET_RESULTS=@@CHARACTER_SET_RESULTS */;
/*!40101 SET @OLD_COLLATION_CONNECTION=@@COLLATION_CONNECTION */;
/*!40101 SET NAMES utf8mb4 */;

--
-- База данных: `db_matcha`
--

-- --------------------------------------------------------

--
-- Структура таблицы `chats`
--

CREATE TABLE `chats` (
  `id` int(10) UNSIGNED NOT NULL,
  `id_user` int(10) UNSIGNED NOT NULL,
  `id_sob` int(10) UNSIGNED NOT NULL
) ENGINE=InnoDB DEFAULT CHARSET=utf8;

--
-- Дамп данных таблицы `chats`
--

INSERT INTO `chats` (`id`, `id_user`, `id_sob`) VALUES
(3, 13, 14),
(5, 15, 13),
(6, 14, 15),
(7, 13, 16),
(8, 16, 15),
(9, 16, 17),
(10, 17, 15),
(11, 17, 13),
(12, 16, 18),
(13, 17, 18),
(14, 19, 16),
(15, 19, 18),
(16, 20, 14),
(17, 20, 15),
(18, 21, 22),
(19, 21, 15),
(20, 21, 20),
(21, 23, 15),
(22, 23, 21),
(23, 14, 21);

-- --------------------------------------------------------

--
-- Структура таблицы `friends`
--

CREATE TABLE `friends` (
  `id` int(10) UNSIGNED NOT NULL,
  `from_request` int(10) UNSIGNED NOT NULL,
  `to_request` int(10) UNSIGNED NOT NULL,
  `status` tinyint(1) NOT NULL DEFAULT '0',
  `date` timestamp NOT NULL DEFAULT CURRENT_TIMESTAMP
) ENGINE=InnoDB DEFAULT CHARSET=utf8;

--
-- Дамп данных таблицы `friends`
--

INSERT INTO `friends` (`id`, `from_request`, `to_request`, `status`, `date`) VALUES
(21, 14, 13, 1, '2018-07-25 17:06:51'),
(24, 13, 15, 1, '2018-07-26 14:55:53'),
(25, 16, 13, 1, '2018-07-28 09:37:54'),
(26, 15, 16, 1, '2018-07-28 09:43:39'),
(27, 17, 16, 1, '2018-07-28 10:00:09'),
(28, 15, 17, 1, '2018-07-28 10:00:26'),
(29, 13, 17, 1, '2018-07-28 10:00:48'),
(39, 14, 15, 1, '2018-08-02 08:37:52'),
(40, 14, 20, 1, '2018-08-02 09:15:02'),
(41, 15, 20, 1, '2018-08-02 09:51:33'),
(42, 21, 13, 0, '2018-08-02 09:55:07'),
(43, 21, 14, 1, '2018-08-02 09:55:13'),
(45, 21, 16, 0, '2018-08-02 09:55:32'),
(46, 21, 20, 1, '2018-08-02 09:56:12'),
(47, 21, 22, 1, '2018-08-02 09:56:27'),
(49, 15, 21, 1, '2018-08-02 09:57:00'),
(52, 15, 22, 0, '2018-08-02 09:57:37'),
(53, 23, 21, 1, '2018-08-02 10:11:47'),
(54, 23, 22, 0, '2018-08-02 10:12:05'),
(55, 23, 13, 0, '2018-08-02 10:12:28'),
(56, 23, 14, 1, '2018-08-02 10:12:45'),
(60, 15, 23, 1, '2018-08-02 10:13:13'),
(63, 18, 23, 0, '2018-08-02 11:18:51'),
(64, 18, 22, 0, '2018-08-02 11:18:59'),
(66, 14, 18, 1, '2018-08-02 11:20:19');

-- --------------------------------------------------------

--
-- Структура таблицы `location`
--

CREATE TABLE `location` (
  `id` int(10) UNSIGNED NOT NULL,
  `lat` varchar(25) NOT NULL,
  `lng` varchar(25) NOT NULL,
  `id_user` int(10) UNSIGNED NOT NULL
) ENGINE=InnoDB DEFAULT CHARSET=utf8;

--
-- Дамп данных таблицы `location`
--

INSERT INTO `location` (`id`, `lat`, `lng`, `id_user`) VALUES
(13, '50.49574491816457', '30.532680847167967', 13),
(14, '50.468', '30.452', 15),
(15, '42.419982749039036', '69.6163551513672', 16),
(16, '44.498291423494486', '34.17034074707033', 17),
(17, '50.32723373920806', '30.46882793350221', 18),
(18, '50.4547', '30.5238', 19),
(19, '50.4333', '30.5167', 14),
(20, '50.4333', '30.5167', 20),
(21, '50.4333', '30.5167', 22),
(22, '50.4333', '30.5167', 23);

-- --------------------------------------------------------

--
-- Структура таблицы `messages`
--

CREATE TABLE `messages` (
  `id_message` int(10) UNSIGNED NOT NULL,
  `id_chat_room` int(10) UNSIGNED NOT NULL,
  `id_user_from` int(10) UNSIGNED NOT NULL,
  `id_user_to` int(10) UNSIGNED NOT NULL,
  `messadge` text NOT NULL,
  `date_creation` timestamp NOT NULL DEFAULT CURRENT_TIMESTAMP,
  `read_status` tinyint(1) NOT NULL DEFAULT '0'
) ENGINE=InnoDB DEFAULT CHARSET=utf8;

--
-- Дамп данных таблицы `messages`
--

INSERT INTO `messages` (`id_message`, `id_chat_room`, `id_user_from`, `id_user_to`, `messadge`, `date_creation`, `read_status`) VALUES
(1, 3, 13, 14, 'asdasd', '2018-07-26 14:38:57', 1),
(2, 3, 13, 14, 'asdasd', '2018-07-26 14:43:52', 1),
(3, 3, 13, 14, 'aljfnkdjgf\n', '2018-07-26 14:44:39', 1),
(4, 3, 14, 13, 'FFF\n', '2018-07-26 14:48:07', 1),
(5, 3, 13, 14, 'Lolkek', '2018-07-26 14:48:17', 1),
(6, 3, 13, 14, '∫фыв', '2018-07-26 14:48:27', 1),
(7, 3, 13, 14, 'x`z`zx\n', '2018-07-26 14:53:24', 1),
(10, 3, 14, 13, 'ihsdf', '2018-07-26 14:57:24', 1),
(13, 3, 14, 13, 'asdasdasdasd', '2018-07-26 14:57:49', 1),
(14, 5, 13, 15, 'jhdsf', '2018-07-26 15:12:51', 1),
(15, 5, 15, 13, 'slajbdfhksudyf', '2018-07-26 15:12:56', 1),
(16, 5, 15, 13, 'osdhflkdfg', '2018-07-26 15:27:30', 1),
(17, 5, 15, 13, 'ousdhfi\n', '2018-07-26 15:35:15', 1),
(18, 5, 15, 13, 'asd', '2018-07-26 15:35:20', 1),
(19, 5, 15, 13, 'qweqwe', '2018-07-26 15:35:25', 1),
(20, 5, 15, 13, 'qweqwe', '2018-07-26 15:35:42', 1),
(21, 5, 15, 13, 'zxc', '2018-07-26 15:35:45', 1),
(22, 5, 15, 13, 'asdasd', '2018-07-26 15:36:00', 1),
(23, 5, 15, 13, 'asdasd', '2018-07-26 15:36:33', 1),
(24, 5, 15, 13, 'zxczxc', '2018-07-26 15:36:36', 1),
(25, 5, 15, 13, 'bbb', '2018-07-26 15:36:39', 1),
(26, 5, 15, 13, 'mmm', '2018-07-26 15:36:44', 1),
(27, 5, 15, 13, 'asdasdtttt', '2018-07-26 15:39:55', 1),
(28, 5, 15, 13, 'asqweqwe1111', '2018-07-26 15:40:20', 1),
(29, 5, 15, 13, '555', '2018-07-26 15:40:30', 1),
(30, 5, 15, 13, 'asd', '2018-07-26 15:41:55', 1),
(31, 5, 15, 13, '000', '2018-07-26 15:46:49', 1),
(32, 5, 15, 13, '555', '2018-07-26 15:47:57', 1),
(33, 5, 15, 13, '666', '2018-07-26 15:48:03', 1),
(34, 5, 15, 13, 'yyy', '2018-07-26 15:48:17', 1),
(35, 5, 15, 13, 'ipdfjsp', '2018-07-26 15:48:40', 1),
(36, 5, 13, 15, '2348', '2018-07-26 15:49:44', 1),
(37, 5, 13, 15, 'xzc', '2018-07-26 15:49:50', 1),
(38, 5, 15, 13, 'Go dotka', '2018-07-26 15:51:59', 1),
(39, 5, 15, 13, 'asd', '2018-07-26 15:54:16', 1),
(40, 5, 15, 13, '8', '2018-07-26 16:15:53', 1),
(41, 5, 15, 13, '', '2018-07-26 16:15:55', 1),
(42, 5, 15, 13, '', '2018-07-26 16:15:57', 1),
(43, 5, 15, 13, 'asd', '2018-07-26 16:16:46', 1),
(44, 5, 15, 13, '1', '2018-07-26 16:16:48', 1),
(45, 5, 15, 13, '123', '2018-07-26 16:40:00', 1),
(46, 5, 15, 13, '44', '2018-07-26 16:45:16', 1),
(47, 5, 15, 13, 'ооо', '2018-07-26 16:59:45', 1),
(48, 5, 15, 13, '12324', '2018-07-26 17:01:28', 1),
(49, 5, 15, 13, 'мм', '2018-07-26 17:01:34', 1),
(50, 5, 15, 13, 'йууйцу', '2018-07-26 17:01:53', 1),
(51, 5, 15, 13, 'йцуй', '2018-07-26 17:02:04', 1),
(52, 5, 15, 13, 'йцу', '2018-07-26 17:02:31', 1),
(53, 5, 15, 13, 'фівфів', '2018-07-26 17:03:51', 1),
(54, 5, 15, 13, 'фівфів', '2018-07-26 17:03:55', 1),
(55, 5, 13, 15, 'фівфі', '2018-07-26 17:04:01', 1),
(56, 5, 13, 15, 'фів', '2018-07-26 17:04:32', 1),
(57, 5, 15, 13, '123', '2018-07-26 17:04:36', 1),
(58, 5, 15, 13, 'ззз', '2018-07-26 17:04:52', 1),
(59, 5, 15, 13, 'фівфів', '2018-07-26 17:06:48', 1),
(60, 5, 15, 13, 'фів123', '2018-07-26 17:07:12', 1),
(61, 5, 15, 13, 'asdasd', '2018-07-26 17:09:00', 1),
(62, 6, 14, 15, 'awe', '2018-07-26 17:12:47', 1),
(63, 3, 14, 13, '123', '2018-07-26 17:12:51', 1),
(64, 3, 14, 13, 'xxc', '2018-07-26 17:15:39', 1),
(65, 3, 14, 13, 'qweqwe', '2018-07-26 17:20:19', 1),
(66, 3, 14, 13, 'цйушкгнцйушгк', '2018-07-26 17:32:50', 1),
(67, 3, 14, 13, 'йцшну', '2018-07-26 17:33:05', 1),
(68, 3, 14, 13, 'фвффыффыв', '2018-07-26 17:33:19', 1),
(69, 3, 14, 13, '123', '2018-07-26 17:33:39', 1),
(70, 3, 13, 14, '8цу9823', '2018-07-26 17:34:04', 1),
(71, 5, 15, 13, 'asd', '2018-07-27 09:14:02', 1),
(72, 5, 15, 13, '1', '2018-07-27 09:14:06', 1),
(73, 5, 15, 13, 'asd', '2018-07-27 09:14:40', 1),
(74, 5, 15, 13, 'tt', '2018-07-27 09:15:45', 1),
(75, 5, 15, 13, 'qwe', '2018-07-27 09:16:29', 1),
(76, 5, 15, 13, 'asd', '2018-07-27 09:18:05', 1),
(77, 5, 15, 13, 'asd', '2018-07-27 09:19:22', 1),
(78, 5, 15, 13, '123', '2018-07-27 09:19:36', 1),
(79, 5, 15, 13, 'v', '2018-07-27 09:19:43', 1),
(80, 5, 15, 13, 'asd', '2018-07-27 09:31:33', 1),
(81, 5, 15, 13, 'asd', '2018-07-27 09:31:38', 1),
(82, 5, 15, 13, '213', '2018-07-27 09:31:42', 1),
(83, 5, 15, 13, 'ad', '2018-07-27 09:31:51', 1),
(84, 5, 15, 13, 'kl;kl', '2018-07-27 09:31:56', 1),
(85, 5, 15, 13, 's;dhigoier', '2018-07-27 09:32:03', 1),
(86, 5, 15, 13, ';', '2018-07-27 09:32:13', 1),
(87, 5, 15, 13, 'ashdiasd', '2018-07-27 09:44:02', 1),
(88, 5, 15, 13, 'asdf\n', '2018-07-27 09:44:19', 1),
(89, 5, 15, 13, 'zxc', '2018-07-27 09:44:31', 1),
(90, 5, 15, 13, 'asdasd', '2018-07-27 10:16:49', 1),
(91, 5, 15, 13, '123', '2018-07-27 10:17:00', 1),
(92, 5, 15, 13, 'zxc', '2018-07-27 10:17:02', 1),
(93, 5, 15, 13, 'nnn', '2018-07-27 10:17:05', 1),
(94, 5, 15, 13, 'q888', '2018-07-27 10:17:22', 1),
(95, 5, 15, 13, '`zx', '2018-07-27 10:17:30', 1),
(96, 5, 15, 13, 'wqe', '2018-07-27 10:17:35', 1),
(97, 5, 15, 13, 'nnn', '2018-07-27 10:17:39', 1),
(98, 5, 15, 13, 'asd', '2018-07-27 10:28:14', 1),
(99, 5, 15, 13, 'asd', '2018-07-27 10:30:06', 1),
(100, 5, 15, 13, 'asd', '2018-07-27 10:30:10', 1),
(101, 5, 15, 13, 'zxc', '2018-07-27 10:30:13', 1),
(102, 5, 13, 15, 'ksfd', '2018-07-27 10:36:40', 1),
(103, 5, 15, 13, 'asd', '2018-07-27 14:24:33', 1),
(104, 5, 15, 13, 'фів', '2018-07-27 14:25:38', 1),
(105, 5, 15, 13, '123', '2018-07-27 14:28:20', 1),
(106, 5, 15, 13, 'asd', '2018-07-27 14:30:16', 1),
(107, 5, 15, 13, 'asd', '2018-07-27 14:30:59', 1),
(108, 5, 15, 13, 'qwe', '2018-07-27 14:31:08', 1),
(109, 5, 15, 13, 'asdasd', '2018-07-27 14:33:36', 1),
(110, 5, 15, 13, 'asd', '2018-07-27 14:33:42', 1),
(111, 5, 15, 13, 'asd', '2018-07-27 14:38:32', 1),
(112, 5, 15, 13, 'asd', '2018-07-27 14:38:37', 1),
(113, 5, 15, 13, '123', '2018-07-27 14:38:46', 1),
(114, 5, 15, 13, 'asd', '2018-07-27 14:38:54', 1),
(115, 5, 15, 13, 'qweqwe', '2018-07-27 14:39:51', 1),
(116, 5, 15, 13, 'йцу', '2018-07-27 14:42:00', 1),
(117, 5, 15, 13, 'asd', '2018-07-28 05:18:24', 1),
(118, 5, 15, 13, 'asd', '2018-07-28 05:25:56', 1),
(119, 5, 15, 13, 'asd', '2018-07-28 06:16:18', 1),
(120, 5, 15, 13, 'qwe123', '2018-07-28 06:16:26', 1),
(121, 5, 15, 13, '123', '2018-07-28 06:18:25', 1),
(122, 5, 15, 13, '123', '2018-07-28 06:18:37', 1),
(123, 5, 15, 13, 'zxc', '2018-07-28 06:18:40', 1),
(124, 5, 15, 13, 'vv', '2018-07-28 06:18:59', 1),
(125, 3, 13, 14, 'zxc', '2018-07-28 06:19:16', 1),
(126, 3, 13, 14, 'vv', '2018-07-28 06:19:19', 1),
(127, 5, 13, 15, 'ggg', '2018-07-28 06:19:22', 1),
(128, 5, 13, 15, '123', '2018-07-28 06:20:47', 1),
(129, 5, 13, 15, ';k;l;', '2018-07-28 06:22:07', 1),
(130, 3, 13, 14, 'jlashd;', '2018-07-28 06:24:06', 1),
(131, 5, 13, 15, 'z.z.', '2018-07-28 06:24:30', 1),
(132, 3, 13, 14, 'asd', '2018-07-28 06:24:38', 1),
(133, 3, 13, 14, 'zxc', '2018-07-28 06:24:41', 1),
(134, 3, 13, 14, 'vvv', '2018-07-28 06:24:44', 1),
(135, 5, 13, 15, 'zxc', '2018-07-28 06:24:56', 1),
(136, 5, 13, 15, 'asd', '2018-07-28 06:26:10', 1),
(137, 3, 13, 14, 'asd', '2018-07-28 06:26:22', 1),
(138, 5, 13, 15, 'rrr', '2018-07-28 06:27:00', 1),
(139, 3, 13, 14, '123', '2018-07-28 06:39:46', 1),
(140, 3, 13, 14, 'фів', '2018-07-28 06:40:27', 1),
(141, 5, 13, 15, 'ячс', '2018-07-28 06:40:39', 1),
(142, 5, 15, 13, 'йцу', '2018-07-28 06:40:47', 1),
(143, 5, 13, 15, 'діолфиат', '2018-07-28 06:40:57', 1),
(144, 5, 13, 15, 'asd', '2018-07-28 09:11:12', 1),
(145, 5, 13, 15, '213', '2018-07-28 09:11:16', 1),
(146, 5, 13, 15, 'asdasd', '2018-07-28 09:11:22', 1),
(147, 7, 13, 16, 'йцу', '2018-07-28 09:39:02', 0),
(148, 7, 13, 16, 'Привет \n', '2018-07-28 09:39:15', 0),
(149, 7, 13, 16, 'К\n', '2018-07-28 09:39:53', 0),
(150, 7, 13, 16, '123', '2018-07-28 09:41:30', 0),
(151, 5, 15, 13, 'йцу', '2018-07-28 09:44:30', 1),
(152, 6, 15, 14, 'фів', '2018-07-28 09:44:38', 1),
(153, 7, 13, 16, '123', '2018-07-28 09:45:48', 0),
(154, 7, 13, 16, 'qwe', '2018-07-28 09:46:02', 0),
(155, 7, 13, 16, '123', '2018-07-28 09:46:43', 0),
(156, 7, 13, 16, 'asd', '2018-07-28 09:47:19', 0),
(157, 7, 16, 13, '123', '2018-07-28 09:48:16', 1),
(158, 7, 13, 16, 'lolkek?\n', '2018-07-28 09:48:53', 0),
(159, 7, 16, 13, 'привет птичка\nтебя покормить?', '2018-07-28 09:48:53', 1),
(160, 7, 13, 16, 'да детка\n', '2018-07-28 09:49:02', 0),
(161, 7, 13, 16, 'покаорми меня', '2018-07-28 09:49:07', 0),
(162, 7, 16, 13, 'почему у меня на аве умножение? это соцсеть для программистов?', '2018-07-28 09:49:12', 1),
(163, 7, 16, 13, 'что тут делает птица?', '2018-07-28 09:49:21', 1),
(164, 7, 16, 13, 'у тебя же лапки', '2018-07-28 09:49:26', 1),
(165, 7, 13, 16, 'для продвинутых пользоватилей', '2018-07-28 09:49:27', 0),
(166, 7, 13, 16, 'телега', '2018-07-28 09:49:55', 0),
(167, 7, 16, 13, 'оно видно что АДМИН ПТЫЦА', '2018-07-28 09:50:00', 1),
(168, 7, 13, 16, 'птычка вообщето', '2018-07-28 09:50:10', 0),
(169, 7, 16, 13, 'кнопащки не рабоют 1! админ фикси', '2018-07-28 09:50:13', 1),
(170, 7, 13, 16, 'какие?', '2018-07-28 09:50:27', 0),
(171, 7, 16, 13, '122 сообщения!!!!!!!!!!!', '2018-07-28 09:51:30', 1),
(172, 7, 16, 13, 'хватит спамить!', '2018-07-28 09:51:36', 1),
(173, 7, 16, 13, 'в чс добавлю!', '2018-07-28 09:51:39', 1),
(174, 7, 16, 13, 'фывфывфыв', '2018-07-28 09:51:50', 1),
(175, 7, 13, 16, 'угу)\n', '2018-07-28 09:51:56', 0),
(176, 7, 16, 13, 'вжух вжух и ты забанен!', '2018-07-28 09:52:11', 1),
(177, 7, 13, 16, 'могу тебя забанить )', '2018-07-28 09:52:19', 0),
(178, 7, 16, 13, 'а ну попробуй петушок', '2018-07-28 09:52:48', 1),
(179, 8, 15, 16, 'Привет', '2018-07-28 09:54:00', 0),
(180, 8, 15, 16, 'Вжух \n', '2018-07-28 09:54:05', 0),
(181, 8, 15, 16, 'Думаешь ?', '2018-07-28 09:54:13', 0),
(182, 8, 16, 15, 'а ты думаешь?\n', '2018-07-28 09:54:31', 1),
(183, 8, 16, 15, 'а ты кто? как меня нашел? у меня же нет авки', '2018-07-28 09:54:40', 1),
(184, 8, 15, 16, 'думаю \n', '2018-07-28 09:54:44', 0),
(185, 8, 15, 16, 'Роман всегда думает', '2018-07-28 09:54:49', 0),
(186, 7, 13, 16, 'я тоже думаю', '2018-07-28 09:54:57', 0),
(187, 7, 13, 16, 'Ало', '2018-07-28 09:55:01', 0),
(188, 8, 16, 15, 'а где доказательство что ты роман?', '2018-07-28 09:55:03', 1),
(189, 7, 16, 13, 'я на проводе', '2018-07-28 09:55:22', 1),
(190, 9, 17, 16, 'Hi baby', '2018-07-28 10:01:30', 0),
(191, 9, 17, 16, 'send nudes', '2018-07-28 10:01:36', 0),
(192, 9, 16, 17, 'тебе 16ююю', '2018-07-28 10:01:43', 0),
(193, 9, 16, 17, 'а мне 45', '2018-07-28 10:01:48', 0),
(194, 9, 17, 16, 'send nudes', '2018-07-28 10:01:57', 0),
(195, 9, 16, 17, 'все ок мальик?', '2018-07-28 10:01:57', 0),
(196, 10, 17, 15, 'hi\n', '2018-07-28 10:02:14', 1),
(197, 9, 17, 16, '+\n', '2018-07-28 10:02:38', 0),
(198, 9, 16, 17, 'вжух', '2018-07-28 10:02:58', 0),
(199, 9, 16, 17, '<3\n', '2018-07-28 10:03:35', 0),
(200, 9, 16, 17, 'Bitconneeeeeeeeect', '2018-07-28 10:03:43', 0),
(201, 9, 17, 16, '<3\n', '2018-07-28 10:03:48', 0),
(202, 9, 17, 16, 'мать помоги с принтфом', '2018-07-28 10:03:59', 0),
(203, 9, 16, 17, 'мальчик не ошибайса', '2018-07-28 10:04:32', 0),
(204, 9, 17, 16, 'памоги', '2018-07-28 10:05:53', 0),
(205, 9, 17, 16, 'виталя не читай плиз\n', '2018-07-28 10:14:36', 0),
(206, 7, 16, 13, 'пр', '2018-07-28 11:15:44', 1),
(207, 7, 16, 13, 'не ожидал]/', '2018-07-28 11:15:54', 1),
(208, 8, 15, 16, 'А где доказательство что ты мартинка ?\n', '2018-07-28 11:16:15', 0),
(209, 7, 16, 13, 'df', '2018-07-28 12:45:05', 1),
(210, 7, 16, 13, 'df', '2018-07-28 12:45:07', 1),
(211, 7, 16, 13, 'dfdfdf', '2018-07-28 12:45:08', 1),
(212, 7, 16, 13, 'ава\n', '2018-07-28 12:48:57', 1),
(213, 7, 16, 13, 'ва', '2018-07-28 12:49:03', 1),
(214, 7, 16, 13, 'апапапап', '2018-07-28 12:49:05', 1),
(215, 7, 16, 13, 'вава', '2018-07-28 12:49:45', 1),
(216, 7, 16, 13, 'отвечай ', '2018-07-28 12:49:51', 1),
(217, 7, 16, 13, 'быстро!', '2018-07-28 12:49:54', 1),
(218, 8, 16, 15, 'вава', '2018-07-28 12:50:03', 1),
(219, 9, 16, 17, 'вавава', '2018-07-28 12:50:06', 0),
(220, 9, 16, 17, 'вжухвжух', '2018-07-28 12:50:11', 0),
(221, 8, 15, 16, '123\n', '2018-07-28 12:50:11', 0),
(222, 8, 15, 16, 'Всмысле ?', '2018-07-28 12:50:23', 0),
(223, 7, 16, 13, 'ты попугай оторый умеет говорит?', '2018-07-28 12:50:28', 1),
(224, 9, 17, 16, 'я не вижу ваших вжух\n', '2018-07-28 12:51:20', 0),
(225, 8, 15, 16, 'йцу', '2018-07-28 12:53:01', 0),
(226, 8, 15, 16, 'фыв', '2018-07-28 12:55:14', 0),
(227, 5, 15, 13, 'qwe', '2018-07-28 13:11:53', 1),
(228, 8, 15, 16, '123', '2018-07-28 13:23:15', 0),
(229, 5, 15, 13, '1', '2018-07-28 13:41:26', 1),
(230, 7, 16, 13, 'fghj', '2018-07-28 15:14:06', 1),
(231, 5, 15, 13, 'вжух\n', '2018-07-28 15:15:42', 1),
(232, 5, 15, 13, 'ты тут,\n', '2018-07-28 15:15:52', 1),
(233, 7, 16, 13, 'woooow\n\n', '2018-07-28 15:16:02', 1),
(234, 7, 16, 13, 'no®µ tak tema', '2018-07-28 15:16:10', 1),
(235, 12, 16, 18, 'murmur', '2018-07-28 15:21:03', 0),
(236, 12, 18, 16, 'meowmeow', '2018-07-28 15:21:46', 0),
(237, 11, 17, 13, ':)\n', '2018-07-28 15:23:48', 1),
(238, 5, 15, 13, 'qwe', '2018-07-29 07:50:35', 1),
(239, 5, 15, 13, 'asd', '2018-07-29 07:50:39', 1),
(240, 6, 15, 14, '123', '2018-07-29 09:39:05', 1),
(241, 6, 15, 14, '123', '2018-07-29 09:39:08', 1),
(242, 10, 15, 17, '1', '2018-07-29 10:01:45', 0),
(243, 6, 14, 15, '123', '2018-07-29 10:14:02', 1),
(244, 6, 14, 15, '123', '2018-07-29 10:14:07', 1),
(245, 10, 15, 17, '11111111111111111111111111111111111111111111111111111111111111111111111111111111111111111111111111111111111111111111111111111111111111111111111111111111111111111111111111111111111111111111111111111111111111111111111111111111111111111111111111111111111111111111111111111111', '2018-07-29 10:18:09', 0),
(246, 6, 15, 14, '111111111111111111111111111111111111111111111111111111111111111111111111111111111111111111111111111111111111111111111111111111111111111111111111111111111111111111111111111111111111111111111111111111111111111111111111111111111111111111111111111111111111111111111111111111111111111111111111111111111111111111111111111111111111111111111111111111111111111111111111111111111111111111111111111111111111111111111111111111111111111111111111111111111111111111111111111111111111111111111111111111111111111111111111111111111111111111111111111111111111111111111111111111111111111111111111111111111111111111111111111111111111111111111111111111111111111111111111111111111111111111111111111111111111111111111111111111111111111111111111111111111111111111111111111111111111111111111111111111111111111111111111111111111111111111111111', '2018-07-29 10:18:27', 1),
(247, 6, 15, 14, 'uqwheuiuyqweuyioqwueoiqwuyeiw iweruy iwqeuryiwq yeriouyqw eioruyqwioeryieuwy riueqyriotuyeruityoierytoieuy iouwyeir uyqweryiowqeuyri yweir ywieuyr iowuey riuwy eriuyw eoiury wioeuyrioweu ', '2018-07-29 10:23:14', 1),
(248, 6, 15, 14, 'фыльаошывоарщвыаываыфвавфыпывапывапвыапвапвыапвыапывапывапвыапывапвыапвыапвыапывапывапвыапвыапвыапвыпаывапвыапвыапвапвапвыап', '2018-07-29 10:26:12', 1),
(249, 6, 15, 14, 'qwe', '2018-07-29 10:29:47', 1),
(250, 6, 15, 14, 'asdasdasdasd', '2018-07-29 10:29:59', 1),
(251, 6, 15, 14, ';lkjeo;iwjdwejp orkwpej owej foasdopifj opaiehfio aofj oasjfoiwjefoij woifjpsd fosajdofjasodifjosidjf osidj of sodifj osdjf osijdfoisodif josidjf osjd fsodifj osdijf oisjdfij soidfjsjdofjsodifjo sidfi sdoif jsidfj oisjdif jsiodfjiosjfoijosjdf sdf isodif jsoidj fisj dfjisdjfsidj fisjd fiosjfisjfosdj fsdj fosijd fosjodfsjiad foisjdof ijsdjpf sa', '2018-07-29 10:30:47', 1),
(252, 6, 15, 14, 'o1i2uy8o hfisdbjsdhbfdsfasdfasdfsadfasdfasdfasdfsadfsadfasdfsadfsdfsadf', '2018-07-29 10:32:03', 1),
(253, 6, 14, 15, '123', '2018-07-29 11:54:36', 1),
(254, 8, 15, 16, 'asd', '2018-07-31 18:50:42', 0),
(255, 16, 20, 14, 'KJKJK', '2018-08-02 09:16:10', 1),
(256, 16, 20, 14, 'KLKL', '2018-08-02 09:16:40', 1),
(257, 16, 20, 14, 'KRASIVO  NAPUSALA', '2018-08-02 09:16:53', 1),
(258, 16, 14, 20, 'Такс', '2018-08-02 09:48:26', 1),
(259, 16, 20, 14, 'pder', '2018-08-02 09:48:44', 1),
(260, 16, 20, 14, 'звук норм ', '2018-08-02 09:48:50', 1),
(261, 16, 14, 20, 'ну ) ', '2018-08-02 09:48:55', 1),
(262, 16, 14, 20, 'гучнысть нормальна ?', '2018-08-02 09:48:59', 1),
(263, 16, 20, 14, 'срочно треба стікери ', '2018-08-02 09:49:00', 1),
(264, 16, 14, 20, 'Стікерів навіть в TODO нема )', '2018-08-02 09:49:31', 1),
(265, 16, 20, 14, 'ужс', '2018-08-02 09:49:47', 1),
(266, 16, 20, 14, 'я б не вижила ', '2018-08-02 09:49:52', 1),
(267, 16, 20, 14, 'на вашому сайтіку', '2018-08-02 09:49:58', 1),
(268, 16, 14, 20, 'рілі пічалька ( ', '2018-08-02 09:50:19', 1),
(269, 16, 20, 14, 'твої звуеи мене смущають', '2018-08-02 09:52:16', 1),
(270, 18, 21, 22, 'прием', '2018-08-02 09:56:58', 1),
(271, 18, 21, 22, 'фывфыв', '2018-08-02 09:58:01', 1),
(272, 18, 21, 22, 'меня слышно ?', '2018-08-02 09:58:05', 1),
(273, 18, 22, 21, ' приветики)', '2018-08-02 09:58:45', 1),
(274, 18, 21, 22, 'asdasd', '2018-08-02 10:00:32', 1),
(275, 19, 21, 15, 'asdasd', '2018-08-02 10:07:02', 1),
(276, 19, 21, 15, 'asdasd11', '2018-08-02 10:07:05', 1),
(277, 19, 21, 15, 'test19 chat', '2018-08-02 10:07:40', 1),
(278, 20, 21, 20, 'прием прием', '2018-08-02 10:08:51', 1),
(279, 22, 23, 21, 'bla', '2018-08-02 10:13:28', 1),
(280, 22, 23, 21, 'bla bla', '2018-08-02 10:13:33', 1),
(281, 22, 23, 21, 'On the knees', '2018-08-02 10:13:39', 1),
(282, 22, 23, 21, 'slayer', '2018-08-02 10:13:42', 1),
(283, 21, 15, 23, 'ПРивет', '2018-08-02 10:13:58', 1),
(284, 21, 23, 15, 'On the knees', '2018-08-02 10:15:31', 1),
(285, 21, 23, 15, 'slayer', '2018-08-02 10:15:34', 1),
(286, 21, 23, 15, 'I\'m your lord', '2018-08-02 10:15:41', 1),
(287, 21, 23, 15, 'Fucking bastard', '2018-08-02 10:15:48', 1),
(288, 21, 23, 15, 'bla bla', '2018-08-02 10:16:14', 1),
(289, 21, 15, 23, '18273', '2018-08-02 10:16:24', 1),
(290, 21, 23, 15, 'i\'m came from future', '2018-08-02 10:16:28', 1),
(291, 21, 15, 23, 'дщдлул', '2018-08-02 10:16:39', 1),
(292, 21, 23, 15, 'y', '2018-08-02 10:16:59', 1),
(293, 21, 23, 15, 'kmmmm', '2018-08-02 10:17:03', 1),
(294, 21, 23, 15, 'mmnknkm', '2018-08-02 10:17:04', 1),
(295, 21, 23, 15, 'jnmkjnmk', '2018-08-02 10:17:05', 1),
(296, 16, 14, 20, 'Чому ?', '2018-08-02 10:24:57', 1),
(297, 16, 20, 14, 'незнаю', '2018-08-02 10:25:08', 1),
(298, 16, 20, 14, 'ааххаха', '2018-08-02 10:25:10', 1),
(299, 16, 14, 20, 'це ж просто joke (', '2018-08-02 10:25:20', 1),
(300, 6, 14, 15, 'lll', '2018-08-02 10:26:08', 1),
(301, 19, 15, 21, 'бля', '2018-08-02 10:26:26', 1),
(302, 19, 15, 21, 'чет сломался чат ( ', '2018-08-02 10:26:30', 1),
(303, 19, 15, 21, 'работал ок и что-то пошло нетак', '2018-08-02 10:26:37', 1),
(304, 6, 14, 15, 'фыв', '2018-08-02 10:27:10', 1),
(305, 6, 14, 15, '123', '2018-08-02 10:37:04', 1),
(306, 6, 14, 15, 'фів', '2018-08-02 10:37:08', 1),
(307, 6, 14, 15, 'ячс', '2018-08-02 10:37:13', 1),
(308, 6, 14, 15, 'йцу', '2018-08-02 10:39:20', 1),
(309, 6, 14, 15, 'ячс', '2018-08-02 10:39:22', 1),
(310, 19, 21, 15, 'пришло время наставить чат на путь истиный !!', '2018-08-02 10:40:51', 1),
(311, 19, 15, 21, 'ану напиши еще чтото', '2018-08-02 10:41:05', 1),
(312, 19, 21, 15, 'да прибудет с тобой сила и ексракт костылей', '2018-08-02 10:41:24', 1),
(313, 20, 20, 21, 're', '2018-08-02 10:41:26', 1),
(314, 19, 15, 21, 'бля', '2018-08-02 10:41:30', 1),
(315, 16, 20, 14, 'I know ', '2018-08-02 10:41:39', 1),
(316, 20, 21, 20, 'обана', '2018-08-02 10:41:49', 1),
(317, 20, 21, 20, 'я думал это аккаунт Виталика', '2018-08-02 10:41:56', 1),
(318, 20, 20, 21, 'no', '2018-08-02 10:42:03', 1),
(319, 20, 21, 20, 'ну да Виталик моим именем сейчас пользуется как временным аккаунтом', '2018-08-02 10:42:28', 1),
(320, 20, 21, 20, 'а ты кто есть ?', '2018-08-02 10:42:51', 1),
(321, 20, 20, 21, 'точно не Віталік ', '2018-08-02 10:45:07', 1),
(322, 19, 15, 21, 'нужно бльше сообщений ', '2018-08-02 10:46:25', 1),
(323, 20, 21, 20, 'ну да я Виталика спросил он ржет', '2018-08-02 10:47:02', 1),
(324, 20, 21, 20, 'ааа', '2018-08-02 10:47:07', 1),
(325, 20, 21, 20, 'ага судя его показаниям ты наша напарница по проекту 4 якоря', '2018-08-02 10:47:28', 1),
(326, 19, 21, 15, '# TensorFlow and tf.keras\nimport tensorflow as tf\nfrom tensorflow import keras\n\n# Helper libraries\nimport numpy as np\nimport matplotlib.pyplot as plt\n\nprint(tf.__version__)\n\nfashion_mnist = keras.datasets.fashion_mnist\n\n(train_images, train_labels), (test_images, test_labels) = fashion_mnist.load_data()\n\nclass_names = [\'T-shirt/top\', \'Trouser\', \'Pullover\', \'Dress\', \'Coat\',\n               \'Sandal\', \'Shirt\', \'Sneaker\', \'Bag\', \'Ankle boot\']\n\nprint(\"train_images\", train_images.shape)\nprint(\"train_images\", test_images.shape)\n\nplt.figure()\nplt.imshow(train_images[111])\nplt.colorbar()\nplt.gca().grid(False)\nplt.show()', '2018-08-02 10:50:23', 1),
(327, 19, 21, 15, '[[  0   0   0   0   0   0   0   0   0   0   0   0   0   0   0   0   0   0\n    0   0   0   0   0   0   0   0   0   0]\n [  0   0   0   0   0   0   0   0   0   0   0   0   0   0   0   0   0   0\n    0   0   0   0   0   0   0   0   0   0]\n [  0   0   0   0   0   0   0   0   0   0   0   0   0   0   0   0   0   0\n    0   0   0   0   0   0   0   0   0   0]\n [  0   0   0   0   0   0   0   0   0   0   0   0   0   0   0   0   0   0\n    0   0   0   0   0   0   0   0   0   0]\n [  0   0   0   0   0   0   0   0   0   0   0   0   0   0   0   0   0   0\n    0   0   0   0   0   0   0   0   0   0]\n [  0   0   0   0   0   0   0   0   0   0   0   0   0   0   0   0   0   0\n    0   0   0   0   0   0   0   0   0   0]\n [  0   0   0   0   0   0   0   0   0   0   0   0   0   0   0   0   0   0\n    0   0   0   0   0   0   0   0   0   0]\n [  0   0   0   0   0   0   0   0   0   0   0   0   0   0   0   0   0   0\n    0   3   1   0   0   7   0  37   0   0]\n [  0   0   0   0   0   0   0   0   0   0   0   0   0   1   2   0  27  84\n   11   0   0   0   0   0   0 119   0   0]\n [  0   0   0   0   0   0   0   0   0   0   0   0   0   1   0   0  88 143\n  110   0   0   0   0  22  93 106   0   0]\n [  0   0   0   0   0   0   0   0   0   0   0   0   0   4   0  53 129 120\n  147 175 157 166 135 154 168 140   0   0]\n [  0   0   0   0   0   0   0   0   0   0   0   0   2   0  11 137 130 128\n  160 176 159 167 178 149 151 144   0   0]\n [  0   0   0   0   0   0   1   0   2   1   0   3   0   0 115 114 106 137\n  168 153 156 165 167 143 157 158  11   0]\n [  0   0   0   0   1   0   0   0   0   0   3   0   0  89 139  90  94 153\n  149 131 151 169 172 143 159 169  48   0]\n [  0   0   0   0   0   0   2   4   1   0   0   0  98 136 110 109 110 162\n  135 144 149 159 167 144 158 169 119   0]\n [  0   0   2   2   1   2   0   0   0   0  26 108 117  99 111 117 136 156\n  134 154 154 156 160 141 147 156 178   0]\n [  3   0   0   0   0   0   0  21  53  92 117 111 103 115 129 134 143 154\n  165 170 154 151 154 143 138 150 165  43]\n [  0   0  23  54  65  76  85 118 128 123 111 113 118 127 125 139 133 136\n  160 140 155 161 144 155 172 161 189  62]\n [  0  68  94  90 111 114 111 114 115 127 135 136 143 126 127 151 154 143\n  148 125 162 162 144 138 153 162 196  58]\n [ 70 169 129 104  98 100  94  97  98 102 108 106 119 120 129 149 156 167\n  190 190 196 198 198 187 197 189 184  36]\n [ 16 126 171 188 188 184 171 153 135 120 126 127 146 185 195 209 208 255\n  209 177 245 252 251 251 247 220 206  49]\n [  0   0   0  12  67 106 164 185 199 210 211 210 208 190 150  82   8   0\n    0   0 178 208 188 175 162 158 151  11]\n [  0   0   0   0   0   0   0   0   0   0   0   0   0   0   0   0   0   0\n    0   0   0   0   0   0   0   0   0   0]\n [  0   0   0   0   0   0   0   0   0   0   0   0   0   0   0   0   0   0\n    0   0   0   0   0   0   0   0   0   0]\n [  0   0   0   0   0   0   0   0   0   0   0   0   0   0   0   0   0   0\n    0   0   0   0   0   0   0   0   0   0]\n [  0   0   0   0   0   0   0   0   0   0   0   0   0   0   0   0   0   0\n    0   0   0   0   0   0   0   0   0   0]\n [  0   0   0   0   0   0   0   0   0   0   0   0   0   0   0   0   0   0\n    0   0   0   0   0   0   0   0   0   0]\n [  0   0   0   0   0   0   0   0   0   0   0   0   0   0   0   0   0   0\n    0   0   0   0   0   0   0   0   0   0]]', '2018-08-02 10:51:36', 1),
(328, 19, 21, 15, '[[  0   0   0   0   0   0   0   0   0   0   0   0   0   0   0   0   0   0\n    0   0   0   0   0   0   0   0   0   0]\n [  0   0   0   0   0   0   0   0   0   0   0   0   0   0   0   0   0   0\n    0   0   0   0   0   0   0   0   0   0]\n [  0   0   0   0   0   0   0   0   0   0   0   0   0   0   0   0   0   0\n    0   0   0   0   0   0   0   0   0   0]\n [  0   0   0   0   0   0   0   0   0   0   0   0   0   0   0   0   0   0\n    0   0   0   0   0   0   0   0   0   0]\n [  0   0   0   0   0   0   0   0   0   0   0   0   0   0   0   0   0   0\n    0   0   0   0   0   0   0   0   0   0]\n [  0   0   0   0   0   0   0   0   0   0   0   0   0   0   0   0   0   0\n    0   0   0   0   0   0   0   0   0   0]\n [  0   0   0   0   0   0   0   0   0   0   0   0   0   0   0   0   0   0\n    0   0   0   0   0   0   0   0   0   0]\n [  0   0   0   0   0   0   0   0   0   0   0   0   0   0   0   0   0   0\n    0   3   1   0   0   7   0  37   0   0]\n [  0   0   0   0   0   0   0   0   0   0   0   0   0   1   2   0  27  84\n   11   0   0   0   0   0   0 119   0   0]\n [  0   0   0   0   0   0   0   0   0   0   0   0   0   1   0   0  88 143\n  110   0   0   0   0  22  93 106   0   0]\n [  0   0   0   0   0   0   0   0   0   0   0   0   0   4   0  53 129 120\n  147 175 157 166 135 154 168 140   0   0]\n [  0   0   0   0   0   0   0   0   0   0   0   0   2   0  11 137 130 128\n  160 176 159 167 178 149 151 144   0   0]\n [  0   0   0   0   0   0   1   0   2   1   0   3   0   0 115 114 106 137\n  168 153 156 165 167 143 157 158  11   0]\n [  0   0   0   0   1   0   0   0   0   0   3   0   0  89 139  90  94 153\n  149 131 151 169 172 143 159 169  48   0]\n [  0   0   0   0   0   0   2   4   1   0   0   0  98 136 110 109 110 162\n  135 144 149 159 167 144 158 169 119   0]\n [  0   0   2   2   1   2   0   0   0   0  26 108 117  99 111 117 136 156\n  134 154 154 156 160 141 147 156 178   0]\n [  3   0   0   0   0   0   0  21  53  92 117 111 103 115 129 134 143 154\n  165 170 154 151 154 143 138 150 165  43]\n [  0   0  23  54  65  76  85 118 128 123 111 113 118 127 125 139 133 136\n  160 140 155 161 144 155 172 161 189  62]\n [  0  68  94  90 111 114 111 114 115 127 135 136 143 126 127 151 154 143\n  148 125 162 162 144 138 153 162 196  58]\n [ 70 169 129 104  98 100  94  97  98 102 108 106 119 120 129 149 156 167\n  190 190 196 198 198 187 197 189 184  36]\n [ 16 126 171 188 188 184 171 153 135 120 126 127 146 185 195 209 208 255\n  209 177 245 252 251 251 247 220 206  49]\n [  0   0   0  12  67 106 164 185 199 210 211 210 208 190 150  82   8   0\n    0   0 178 208 188 175 162 158 151  11]\n [  0   0   0   0   0   0   0   0   0   0   0   0   0   0   0   0   0   0\n    0   0   0   0   0   0   0   0   0   0]\n [  0   0   0   0   0   0   0   0   0   0   0   0   0   0   0   0   0   0\n    0   0   0   0   0   0   0   0   0   0]\n [  0   0   0   0   0   0   0   0   0   0   0   0   0   0   0   0   0   0\n    0   0   0   0   0   0   0   0   0   0]\n [  0   0   0   0   0   0   0   0   0   0   0   0   0   0   0   0   0   0\n    0   0   0   0   0   0   0   0   0   0]\n [  0   0   0   0   0   0   0   0   0   0   0   0   0   0   0   0   0   0\n    0   0   0   0   0   0   0   0   0   0]\n [  0   0   0   0   0   0   0   0   0   0   0   0   0   0   0   0   0   0\n    0   0   0   0   0   0   0   0   0   0]]', '2018-08-02 10:51:45', 1),
(329, 19, 15, 21, 'mm', '2018-08-02 10:51:51', 1),
(330, 19, 21, 15, '[[  0   0   0   0   0   0   0   0   0   0   0   0   0   0   0   0   0   0\n    0   0   0   0   0   0   0   0   0   0]\n [  0   0   0   0   0   0   0   0   0   0   0   0   0   0   0   0   0   0\n    0   0   0   0   0   0   0   0   0   0]\n [  0   0   0   0   0   0   0   0   0   0   0   0   0   0   0   0   0   0\n    0   0   0   0   0   0   0   0   0   0]\n [  0   0   0   0   0   0   0   0   0   0   0   0   0   0   0   0   0   0\n    0   0   0   0   0   0   0   0   0   0]\n [  0   0   0   0   0   0   0   0   0   0   0   0   0   0   0   0   0   0\n    0   0   0   0   0   0   0   0   0   0]\n [  0   0   0   0   0   0   0   0   0   0   0   0   0   0   0   0   0   0\n    0   0   0   0   0   0   0   0   0   0]\n [  0   0   0   0   0   0   0   0   0   0   0   0   0   0   0   0   0   0\n    0   0   0   0   0   0   0   0   0   0]\n [  0   0   0   0   0   0   0   0   0   0   0   0   0   0   0   0   0   0\n    0   3   1   0   0   7   0  37   0   0]\n [  0   0   0   0   0   0   0   0   0   0   0   0   0   1   2   0  27  84\n   11   0   0   0   0   0   0 119   0   0]\n [  0   0   0   0   0   0   0   0   0   0   0   0   0   1   0   0  88 143\n  110   0   0   0   0  22  93 106   0   0]\n [  0   0   0   0   0   0   0   0   0   0   0   0   0   4   0  53 129 120\n  147 175 157 166 135 154 168 140   0   0]\n [  0   0   0   0   0   0   0   0   0   0   0   0   2   0  11 137 130 128\n  160 176 159 167 178 149 151 144   0   0]\n [  0   0   0   0   0   0   1   0   2   1   0   3   0   0 115 114 106 137\n  168 153 156 165 167 143 157 158  11   0]\n [  0   0   0   0   1   0   0   0   0   0   3   0   0  89 139  90  94 153\n  149 131 151 169 172 143 159 169  48   0]\n [  0   0   0   0   0   0   2   4   1   0   0   0  98 136 110 109 110 162\n  135 144 149 159 167 144 158 169 119   0]\n [  0   0   2   2   1   2   0   0   0   0  26 108 117  99 111 117 136 156\n  134 154 154 156 160 141 147 156 178   0]\n [  3   0   0   0   0   0   0  21  53  92 117 111 103 115 129 134 143 154\n  165 170 154 151 154 143 138 150 165  43]\n [  0   0  23  54  65  76  85 118 128 123 111 113 118 127 125 139 133 136\n  160 140 155 161 144 155 172 161 189  62]\n [  0  68  94  90 111 114 111 114 115 127 135 136 143 126 127 151 154 143\n  148 125 162 162 144 138 153 162 196  58]\n [ 70 169 129 104  98 100  94  97  98 102 108 106 119 120 129 149 156 167\n  190 190 196 198 198 187 197 189 184  36]\n [ 16 126 171 188 188 184 171 153 135 120 126 127 146 185 195 209 208 255\n  209 177 245 252 251 251 247 220 206  49]\n [  0   0   0  12  67 106 164 185 199 210 211 210 208 190 150  82   8   0\n    0   0 178 208 188 175 162 158 151  11]\n [  0   0   0   0   0   0   0   0   0   0   0   0   0   0   0   0   0   0\n    0   0   0   0   0   0   0   0   0   0]\n [  0   0   0   0   0   0   0   0   0   0   0   0   0   0   0   0   0   0\n    0   0   0   0   0   0   0   0   0   0]\n [  0   0   0   0   0   0   0   0   0   0   0   0   0   0   0   0   0   0\n    0   0   0   0   0   0   0   0   0   0]\n [  0   0   0   0   0   0   0   0   0   0   0   0   0   0   0   0   0   0\n    0   0   0   0   0   0   0   0   0   0]\n [  0   0   0   0   0   0   0   0   0   0   0   0   0   0   0   0   0   0\n    0   0   0   0   0   0   0   0   0   0]\n [  0   0   0   0   0   0   0   0   0   0   0   0   0   0   0   0   0   0\n    0   0   0   0   0   0   0   0   0   0]]', '2018-08-02 10:51:56', 1),
(331, 19, 15, 21, '[]', '2018-08-02 10:52:02', 1),
(332, 19, 21, 15, 'а контрл ентера еще нет ?', '2018-08-02 10:52:09', 1),
(333, 19, 21, 15, 'нужно \\n вручную писать ', '2018-08-02 10:52:17', 1),
(334, 19, 15, 21, '(  .  ) (  .  )', '2018-08-02 10:52:25', 1),
(335, 19, 15, 21, 'перенос заблокирован ) ', '2018-08-02 10:52:48', 1),
(336, 19, 21, 15, 'ну в общем то был туфель в виде нампай масива', '2018-08-02 10:54:35', 1),
(337, 19, 15, 21, '00', '2018-08-02 10:54:49', 1),
(338, 19, 15, 21, 'хорош ) ', '2018-08-02 10:54:53', 1),
(339, 19, 21, 15, 'прямо как в матрице', '2018-08-02 10:55:00', 1),
(340, 5, 13, 15, '123', '2018-08-02 10:55:17', 1),
(341, 5, 13, 15, 'ячс', '2018-08-02 10:55:25', 1),
(342, 23, 14, 21, '123', '2018-08-02 10:55:48', 1),
(343, 3, 14, 13, 'ячс', '2018-08-02 10:55:56', 1),
(344, 3, 14, 13, 'в', '2018-08-02 10:56:07', 1),
(345, 5, 15, 13, 'ккк', '2018-08-02 10:56:15', 1),
(346, 19, 21, 15, 'что-то мне виликнуло что новое сообщение но новых сообщений нет', '2018-08-02 10:56:20', 1),
(347, 19, 15, 21, 'какраз это и тестирую ', '2018-08-02 10:56:32', 1),
(348, 19, 15, 21, 'там приколяха блин одна есть', '2018-08-02 10:56:39', 1),
(349, 19, 15, 21, 'там последнее сообщение обновилось ', '2018-08-02 10:56:53', 1),
(350, 19, 15, 21, 'а кружочка нет', '2018-08-02 10:56:57', 1),
(351, 22, 21, 23, 'Лок’тар огар!', '2018-08-02 10:57:59', 0),
(352, 5, 13, 15, 'фв', '2018-08-02 10:58:11', 1),
(353, 3, 14, 13, 'туц ', '2018-08-02 11:02:30', 1),
(354, 3, 14, 13, 'ячс', '2018-08-02 11:03:03', 1),
(355, 3, 14, 13, 'фыв', '2018-08-02 11:03:05', 1),
(356, 6, 14, 15, 'фыв', '2018-08-02 11:03:26', 1),
(357, 6, 14, 15, 'ячсм', '2018-08-02 11:03:33', 1),
(358, 6, 14, 15, 'йй', '2018-08-02 11:03:42', 1),
(359, 6, 15, 14, 'фвы', '2018-08-02 11:03:47', 1),
(360, 23, 14, 21, 'туц туц', '2018-08-02 11:04:08', 1),
(361, 19, 15, 21, 'кружочки должны пофиксится', '2018-08-02 11:04:29', 1),
(362, 23, 21, 14, 'тыц трендыц', '2018-08-02 11:04:32', 1),
(363, 23, 21, 14, 'да кружоки не пропадают когда я открываю чат', '2018-08-02 11:04:47', 1),
(364, 23, 21, 14, 'но обнуляются когда написал', '2018-08-02 11:04:52', 1),
(365, 23, 14, 21, 'хм', '2018-08-02 11:05:01', 1),
(366, 19, 21, 15, 'фыв', '2018-08-02 11:05:03', 1),
(367, 23, 14, 21, 'мб дж не обновился какой-то', '2018-08-02 11:05:10', 1),
(368, 23, 21, 14, 'хмм', '2018-08-02 11:05:15', 1),
(369, 23, 21, 14, 'вот сейчас обновился', '2018-08-02 11:05:20', 1),
(370, 23, 21, 14, 'тоесть он повисел секунды 2-3 потом в 0 сбросился', '2018-08-02 11:05:33', 1),
(371, 23, 14, 21, 'у меня просто при заходе в чат убираются норм', '2018-08-02 11:05:36', 1),
(372, 23, 14, 21, 'хммм', '2018-08-02 11:05:42', 1),
(373, 23, 14, 21, 'мб захешировался жс', '2018-08-02 11:05:56', 1),
(374, 23, 21, 14, 'сек', '2018-08-02 11:05:59', 1),
(375, 23, 21, 14, 'обновлюсь ', '2018-08-02 11:06:02', 1),
(376, 23, 21, 14, 'через пару сек напиши', '2018-08-02 11:06:06', 1),
(377, 23, 14, 21, 'алерт', '2018-08-02 11:06:15', 1),
(378, 23, 14, 21, 'пожар', '2018-08-02 11:06:18', 1),
(379, 23, 21, 14, 'оо', '2018-08-02 11:06:19', 1),
(380, 23, 21, 14, 'работает', '2018-08-02 11:06:22', 1),
(381, 23, 21, 14, 'не пожар а агонь', '2018-08-02 11:06:31', 1),
(382, 23, 14, 21, 'ан правильном чате ?)', '2018-08-02 11:06:31', 1),
(383, 23, 21, 14, 'тоетсь ?', '2018-08-02 11:06:38', 1),
(384, 23, 14, 21, 'ну типа кружочек раньше повлялся на другом чате ) ', '2018-08-02 11:06:55', 1),
(385, 23, 21, 14, 'а анпиши с романа', '2018-08-02 11:07:28', 1),
(386, 23, 21, 14, 'точнее Романа', '2018-08-02 11:07:38', 1),
(387, 6, 15, 14, 'д', '2018-08-02 11:09:39', 1),
(388, 23, 21, 14, 'даа', '2018-08-02 11:18:29', 1),
(389, 23, 14, 21, 'а', '2018-08-02 11:18:39', 1),
(390, 23, 21, 14, 'терзерфов работает малец быстрее чем мой былокод ))', '2018-08-02 11:18:44', 1),
(391, 19, 15, 21, 'пишу', '2018-08-02 11:18:46', 1),
(392, 19, 15, 21, 'лолкек', '2018-08-02 11:19:02', 1),
(393, 19, 15, 21, 'кеклол', '2018-08-02 11:19:10', 1),
(394, 20, 20, 21, 'це буде таємницею ', '2018-08-02 11:19:26', 1),
(395, 19, 15, 21, 'фівячс', '2018-08-02 11:19:32', 1),
(396, 20, 21, 20, 'да я уже глянул ))', '2018-08-02 11:19:49', 1),
(397, 20, 21, 20, 'так что таемниця не таемна ))', '2018-08-02 11:19:58', 1),
(398, 23, 21, 14, 'дак вот', '2018-08-02 11:20:20', 0),
(399, 23, 21, 14, 'тут 5 епох по 60к', '2018-08-02 11:20:29', 0),
(400, 23, 21, 14, 'причем тут не 4 нейрона а 128', '2018-08-02 11:20:38', 0),
(401, 23, 21, 14, 'дак они считаются быстрее чем мои 30 000', '2018-08-02 11:20:51', 0),
(402, 20, 20, 21, 'ой всьо', '2018-08-02 11:55:41', 1),
(403, 23, 21, 14, 'ugh]', '2018-08-02 15:09:32', 0),
(404, 23, 21, 14, 'арел', '2018-08-02 15:14:46', 0),
(405, 23, 21, 14, 'арел влетел в воздушный поток', '2018-08-02 15:14:54', 0);

-- --------------------------------------------------------

--
-- Структура таблицы `notifications`
--

CREATE TABLE `notifications` (
  `id` int(10) UNSIGNED NOT NULL,
  `id_user_from` int(10) UNSIGNED NOT NULL,
  `id_user` int(10) UNSIGNED NOT NULL,
  `type` enum('view_profile','accept_friend_request','remove_from_friend','') NOT NULL,
  `time` timestamp NOT NULL DEFAULT CURRENT_TIMESTAMP ON UPDATE CURRENT_TIMESTAMP,
  `viewed` tinyint(1) NOT NULL DEFAULT '0'
) ENGINE=MyISAM DEFAULT CHARSET=utf8;

--
-- Дамп данных таблицы `notifications`
--

INSERT INTO `notifications` (`id`, `id_user_from`, `id_user`, `type`, `time`, `viewed`) VALUES
(10, 14, 13, 'view_profile', '2018-07-25 17:02:17', 1),
(11, 13, 14, 'accept_friend_request', '2018-07-25 17:06:54', 0),
(12, 14, 13, 'remove_from_friend', '2018-07-25 17:01:12', 1),
(13, 13, 14, 'view_profile', '2018-07-28 09:12:47', 0),
(14, 15, 13, 'view_profile', '2018-08-02 12:23:51', 0),
(15, 13, 15, 'accept_friend_request', '2018-07-26 08:29:57', 1),
(16, 13, 15, 'view_profile', '2018-07-28 11:22:53', 1),
(17, 15, 14, 'view_profile', '2018-08-02 12:41:49', 0),
(18, 14, 15, 'accept_friend_request', '2018-07-28 11:22:53', 1),
(19, 15, 13, 'accept_friend_request', '2018-07-31 08:38:19', 0),
(20, 16, 13, 'view_profile', '2018-07-28 15:25:26', 0),
(21, 13, 16, 'accept_friend_request', '2018-07-28 09:39:08', 1),
(22, 15, 16, 'view_profile', '2018-08-02 12:23:58', 0),
(23, 13, 16, 'view_profile', '2018-07-28 09:50:21', 1),
(24, 16, 15, 'view_profile', '2018-07-29 10:01:00', 1),
(25, 16, 15, 'accept_friend_request', '2018-07-28 11:22:53', 1),
(26, 17, 16, 'view_profile', '2018-07-28 15:24:33', 1),
(27, 16, 17, 'view_profile', '2018-07-28 15:26:38', 1),
(28, 16, 17, 'accept_friend_request', '2018-07-28 10:00:35', 1),
(29, 15, 17, 'view_profile', '2018-08-02 12:23:56', 0),
(30, 17, 15, 'accept_friend_request', '2018-07-28 11:22:53', 1),
(31, 17, 15, 'view_profile', '2018-07-28 11:22:53', 1),
(32, 13, 17, 'view_profile', '2018-07-28 10:01:15', 1),
(33, 17, 13, 'accept_friend_request', '2018-07-28 10:01:14', 0),
(34, 17, 19, 'view_profile', '2018-07-31 08:38:37', 1),
(35, 16, 14, 'view_profile', '2018-07-28 15:20:07', 0),
(36, 18, 16, 'view_profile', '2018-08-02 11:17:59', 0),
(37, 18, 17, 'view_profile', '2018-08-02 11:18:03', 0),
(38, 16, 18, 'view_profile', '2018-07-28 15:23:34', 1),
(39, 16, 18, 'accept_friend_request', '2018-07-28 15:23:34', 1),
(40, 18, 13, 'view_profile', '2018-08-02 11:17:48', 0),
(41, 18, 14, 'view_profile', '2018-08-02 11:20:31', 0),
(42, 18, 15, 'view_profile', '2018-08-02 11:17:37', 0),
(43, 17, 18, 'accept_friend_request', '2018-07-28 15:23:34', 1),
(44, 17, 18, 'view_profile', '2018-08-02 11:12:11', 1),
(45, 19, 16, 'view_profile', '2018-07-31 08:41:46', 0),
(46, 19, 16, 'remove_from_friend', '2018-07-31 07:39:33', 0),
(47, 19, 18, 'accept_friend_request', '2018-08-02 11:12:11', 1),
(48, 19, 18, 'view_profile', '2018-08-02 11:12:11', 1),
(49, 19, 18, 'remove_from_friend', '2018-08-02 11:12:11', 1),
(50, 14, 15, 'view_profile', '2018-08-02 11:19:58', 0),
(51, 14, 15, 'remove_from_friend', '2018-08-02 08:36:02', 1),
(52, 14, 19, 'view_profile', '2018-08-02 09:14:50', 0),
(53, 14, 20, 'view_profile', '2018-08-02 11:19:57', 0),
(54, 20, 14, 'accept_friend_request', '2018-08-02 09:15:23', 0),
(55, 20, 14, 'view_profile', '2018-08-02 09:52:20', 0),
(56, 20, 15, 'view_profile', '2018-08-02 09:52:18', 0),
(57, 20, 16, 'view_profile', '2018-08-02 09:19:04', 0),
(58, 20, 17, 'view_profile', '2018-08-02 09:19:12', 0),
(59, 20, 18, 'view_profile', '2018-08-02 11:12:11', 1),
(60, 15, 14, 'accept_friend_request', '2018-08-02 09:50:26', 0),
(61, 15, 20, 'view_profile', '2018-08-02 12:24:12', 0),
(62, 20, 15, 'accept_friend_request', '2018-08-02 09:51:42', 0),
(63, 21, 13, 'view_profile', '2018-08-02 09:55:05', 0),
(64, 21, 14, 'view_profile', '2018-08-02 14:42:41', 0),
(65, 21, 15, 'view_profile', '2018-08-02 10:07:24', 0),
(66, 21, 16, 'view_profile', '2018-08-02 09:55:30', 0),
(67, 21, 17, 'view_profile', '2018-08-02 09:55:36', 0),
(68, 21, 18, 'view_profile', '2018-08-02 11:12:11', 1),
(69, 21, 19, 'view_profile', '2018-08-02 09:55:46', 0),
(70, 21, 20, 'view_profile', '2018-08-02 14:42:42', 0),
(71, 20, 21, 'accept_friend_request', '2018-08-02 10:11:31', 1),
(72, 21, 22, 'view_profile', '2018-08-02 10:07:10', 0),
(73, 22, 21, 'view_profile', '2018-08-02 10:11:31', 1),
(74, 22, 21, 'accept_friend_request', '2018-08-02 10:11:31', 1),
(75, 15, 21, 'view_profile', '2018-08-02 12:42:19', 0),
(76, 15, 21, 'remove_from_friend', '2018-08-02 10:11:31', 1),
(77, 15, 22, 'view_profile', '2018-08-02 09:58:18', 1),
(78, 21, 15, 'accept_friend_request', '2018-08-02 09:57:17', 0),
(79, 15, 22, 'remove_from_friend', '2018-08-02 09:58:18', 1),
(80, 22, 15, 'view_profile', '2018-08-02 09:58:14', 0),
(81, 23, 20, 'view_profile', '2018-08-02 10:41:42', 1),
(82, 23, 21, 'view_profile', '2018-08-02 10:11:58', 0),
(83, 23, 22, 'view_profile', '2018-08-02 10:12:02', 0),
(84, 23, 13, 'view_profile', '2018-08-02 10:12:34', 0),
(85, 23, 14, 'view_profile', '2018-08-02 10:12:42', 0),
(86, 23, 15, 'view_profile', '2018-08-02 10:16:09', 0),
(87, 15, 23, 'view_profile', '2018-08-02 11:21:24', 0),
(88, 15, 23, 'remove_from_friend', '2018-08-02 10:13:17', 1),
(89, 23, 15, 'accept_friend_request', '2018-08-02 10:13:22', 0),
(90, 14, 21, 'accept_friend_request', '2018-08-02 10:25:33', 0),
(91, 14, 23, 'accept_friend_request', '2018-08-02 11:11:51', 1),
(92, 21, 23, 'accept_friend_request', '2018-08-02 11:11:51', 1),
(93, 23, 18, 'view_profile', '2018-08-02 11:12:11', 1),
(94, 18, 23, 'accept_friend_request', '2018-08-02 11:12:02', 0),
(95, 18, 19, 'view_profile', '2018-08-02 11:18:16', 0),
(96, 18, 19, 'remove_from_friend', '2018-08-02 11:18:16', 0),
(97, 18, 20, 'view_profile', '2018-08-02 11:18:22', 0),
(98, 18, 21, 'view_profile', '2018-08-02 11:18:28', 0),
(99, 18, 22, 'view_profile', '2018-08-02 11:18:57', 0),
(100, 18, 22, 'remove_from_friend', '2018-08-02 11:18:36', 0),
(101, 18, 23, 'view_profile', '2018-08-02 11:18:49', 0),
(102, 18, 23, 'remove_from_friend', '2018-08-02 11:18:49', 0),
(103, 14, 23, 'view_profile', '2018-08-02 11:19:54', 0),
(104, 14, 21, 'view_profile', '2018-08-02 11:19:56', 0),
(105, 14, 17, 'view_profile', '2018-08-02 11:20:03', 0),
(106, 14, 18, 'view_profile', '2018-08-02 11:20:58', 0),
(107, 18, 14, 'accept_friend_request', '2018-08-02 11:20:26', 0),
(108, 14, 18, 'remove_from_friend', '2018-08-02 11:20:18', 0);

-- --------------------------------------------------------

--
-- Структура таблицы `photos`
--

CREATE TABLE `photos` (
  `id` int(10) UNSIGNED NOT NULL,
  `id_user` int(10) UNSIGNED NOT NULL,
  `src` varchar(255) NOT NULL
) ENGINE=MyISAM DEFAULT CHARSET=utf8;

--
-- Дамп данных таблицы `photos`
--

INSERT INTO `photos` (`id`, `id_user`, `src`) VALUES
(18, 19, '4c2b26b6ba38f279.png'),
(19, 19, '612122b514c422ba.png'),
(23, 19, '8f710d0057e5b747.png'),
(21, 19, '2d80487389275639.png'),
(22, 19, '607e6b620d05be9f.png'),
(24, 15, '76d92a035bc8b248.png'),
(25, 15, '6f0e4bcd876ed1f0.png'),
(26, 21, '1c3ffc884ed30b42.png'),
(27, 18, '60462e1f5722218b.jpg'),
(28, 18, 'b2d302fadb00abf2.jpg'),
(29, 18, '59ff3d4103ee2019.jpg');

-- --------------------------------------------------------

--
-- Структура таблицы `settings`
--

CREATE TABLE `settings` (
  `id` int(10) UNSIGNED NOT NULL,
  `notification_sound` tinyint(1) NOT NULL DEFAULT '1',
  `notification_email` tinyint(1) NOT NULL DEFAULT '1',
  `messege_sound` tinyint(1) NOT NULL DEFAULT '1',
  `id_user` int(10) UNSIGNED NOT NULL
) ENGINE=InnoDB DEFAULT CHARSET=utf8;

-- --------------------------------------------------------

--
-- Структура таблицы `tags`
--

CREATE TABLE `tags` (
  `id` int(10) UNSIGNED NOT NULL,
  `tag` varchar(255) NOT NULL
) ENGINE=MyISAM DEFAULT CHARSET=utf8;

--
-- Дамп данных таблицы `tags`
--

INSERT INTO `tags` (`id`, `tag`) VALUES
(1, '123'),
(2, '123q'),
(3, 'qewqwe'),
(4, 'camagru');

-- --------------------------------------------------------

--
-- Структура таблицы `users`
--

CREATE TABLE `users` (
  `id` int(10) UNSIGNED NOT NULL,
  `login` varchar(30) NOT NULL,
  `admin` tinyint(1) NOT NULL DEFAULT '0',
  `blocked` tinyint(1) NOT NULL DEFAULT '0',
  `password` text NOT NULL,
  `email` varchar(255) NOT NULL,
  `status` varchar(70) DEFAULT NULL,
  `firstName` varchar(50) NOT NULL,
  `lastName` varchar(50) NOT NULL,
  `gender` enum('man','woman') NOT NULL,
  `birthDate` date NOT NULL,
  `registerDate` timestamp NOT NULL DEFAULT CURRENT_TIMESTAMP,
  `lastAction` timestamp NOT NULL DEFAULT CURRENT_TIMESTAMP,
  `active` tinyint(1) NOT NULL DEFAULT '0',
  `img` varchar(255) DEFAULT '/author-main1.jpg',
  `IsOnline` tinyint(1) NOT NULL DEFAULT '0'
) ENGINE=InnoDB DEFAULT CHARSET=utf8;

--
-- Дамп данных таблицы `users`
--

INSERT INTO `users` (`id`, `login`, `admin`, `blocked`, `password`, `email`, `status`, `firstName`, `lastName`, `gender`, `birthDate`, `registerDate`, `lastAction`, `active`, `img`, `IsOnline`) VALUES
(13, 'ßßßßß', 0, 0, '902dbf32588a8f8b2113ba83e5fb548818e97978c38ca792149dc3f6f530911de7ddca0bb6d5b32b824fd06899357e5e2200cad69e8febf794eaed5095723ae5', 'coulraven@ukr.net', NULL, 'asdqwe', 'kek', 'man', '1198-06-23', '2018-07-25 16:55:24', '2018-07-25 16:55:24', 1, '/photo-item8.jpg', 1),
(14, 'LateV', 0, 0, '902dbf32588a8f8b2113ba83e5fb548818e97978c38ca792149dc3f6f530911de7ddca0bb6d5b32b824fd06899357e5e2200cad69e8febf794eaed5095723ae5', 'lol@kek.com', NULL, 'asd', 'asd', 'man', '2018-05-23', '2018-07-25 16:57:56', '2018-07-25 16:57:56', 1, '/Screen1.png', 1),
(15, 'Roman', 0, 0, '902dbf32588a8f8b2113ba83e5fb548818e97978c38ca792149dc3f6f530911de7ddca0bb6d5b32b824fd06899357e5e2200cad69e8febf794eaed5095723ae5', 'coul123123123rave123n@u123123kr.net', NULL, 'asdqwe', 'kek', 'man', '2018-05-01', '2018-07-26 08:26:16', '2018-07-26 08:26:16', 1, '/6f0e4bcd876ed1f0.png', 1),
(16, 'martynka', 0, 0, '8ca0fd2adb6bb22a05fd7e712acf23a38270127b2dcde4b7824f18b78083ecb475113bcfbea4b74a1e5ed8f9947b1f54676acfa74a13af1ad7c52f9ce22d9cc3', 'Marta@matrta.com', NULL, 'Marta', 'Martynova', 'man', '1970-04-26', '2018-07-28 09:37:14', '2018-07-28 09:37:14', 1, '/author-main1.jpg', 1),
(17, '₿itconnect', 0, 0, '344907e89b981caf221d05f597eb57a6af408f15f4dd7895bbd1b96a2938ec24a7dcf23acb94ece0b6d7b0640358bc56bdb448194b9305311aff038a834a079f', '322@mail.ru', NULL, 'Carlos', 'Matos', 'man', '1998-06-26', '2018-07-28 09:59:22', '2018-07-28 09:59:22', 1, '/author-main1.jpg', 1),
(18, 'ikarachy', 0, 0, 'dcd4c99c29eb1414bf74a4eb950094caeae8ee05bbd7afd970532935cc43b34f9f213a17f19c2ec1cfe68eec4d255e69db9d3f65ad26d652651d2959c2208745', 'kuziczka4@gmail.com', NULL, 'Iryna', 'Karachynetska', 'woman', '1995-05-04', '2018-07-28 15:18:53', '2018-07-28 15:18:53', 1, '/60462e1f5722218b.jpg', 0),
(19, 'root', 0, 0, '899b76161701a4111b36cbadd0d168e896f1e97d22b4f470331293b9d9bce5fd6a338b64bfd640b8d78ef3a465047886527e1c250d587ca7693f46d27ae8721a', 'qwe@asd', NULL, '123123', 'qwe', 'man', '1975-05-27', '2018-07-30 09:51:55', '2018-07-30 09:51:55', 1, '/8f710d0057e5b747.png', 0),
(20, 'oskulska', 0, 0, '69200d8ab07357329a9b74d2c2fb6cd0fafe48558996d37be56c7a9e774b65bd300e1526384e034f5da4c541054bdba255b4863204d2554656a19304101db6fe', 'olgaskulska@gmail.com', NULL, 'Olga', 'Skulska', 'woman', '1995-01-03', '2018-08-02 09:13:42', '2018-08-02 09:13:42', 1, '/author-main1.jpg', 0),
(21, 'rkhilenk', 0, 0, 'ac5bbf8b24d2db584f0dcc26e738ec41f2fabb971851fb17aa3475587df5836346ea422378bdd654dafca3fe62033135dbec46b63b27fb4d13da78ee0e6bbe8d', 'qwe@asd.asd', NULL, 'Roma', 'Khilenko', 'man', '2018-07-04', '2018-08-02 09:54:47', '2018-08-02 09:54:47', 1, '/1c3ffc884ed30b42.png', 0),
(22, 'Milana', 0, 0, 'e2d7018509bce3503f09751c0cbd8ee603f09c037b4ede3c0fbe9307b7996f3eec85a89d4fb95cc2b532231a6c0f8e44c74a45185f54c246b4c00eb8c5788795', 'lidmila.pohribniak@gmail.com', NULL, 'Liudmyla', 'Pohribniak', 'woman', '1995-05-19', '2018-08-02 09:55:38', '2018-08-02 09:55:38', 1, '/author-main1.jpg', 0),
(23, 'I\'m your lord', 0, 0, '6e48b202e0c20b04188d542089dd018e3af0c027538490f56194073cbdd3a70a08b208cf56c424c5a14888db41e7d7bc000fe096e3998c9bd15e8f2d91ca7cd9', 'Slayers@slayers.com', NULL, 'Lord', 'Universe', 'man', '2023-02-28', '2018-08-02 10:10:42', '2018-08-02 10:10:42', 1, '/author-main1.jpg', 0);

-- --------------------------------------------------------

--
-- Структура таблицы `user_details`
--

CREATE TABLE `user_details` (
  `id_user` int(10) UNSIGNED NOT NULL,
  `description` text,
  `fb_page` text NOT NULL,
  `twitter_page` text NOT NULL,
  `sexual_preferences` enum('male','female','bi','') NOT NULL DEFAULT 'bi'
) ENGINE=MyISAM DEFAULT CHARSET=utf8;

--
-- Дамп данных таблицы `user_details`
--

INSERT INTO `user_details` (`id_user`, `description`, `fb_page`, `twitter_page`, `sexual_preferences`) VALUES
(13, '', '', '', 'bi'),
(18, '', '', '', 'male'),
(16, 'vetal вжувхужвх', '', '', 'female'),
(17, 'tconnect', '', '', 'bi');

-- --------------------------------------------------------

--
-- Структура таблицы `user_reports`
--

CREATE TABLE `user_reports` (
  `id` int(10) UNSIGNED NOT NULL,
  `id_user` int(10) UNSIGNED NOT NULL,
  `id_user_from` int(10) UNSIGNED NOT NULL,
  `checked` tinyint(1) NOT NULL DEFAULT '0'
) ENGINE=MyISAM DEFAULT CHARSET=utf8;

--
-- Дамп данных таблицы `user_reports`
--

INSERT INTO `user_reports` (`id`, `id_user`, `id_user_from`, `checked`) VALUES
(2, 16, 19, 1),
(3, 16, 18, 1),
(4, 17, 18, 1),
(5, 16, 11, 1),
(7, 18, 19, 0),
(8, 18, 21, 0),
(9, 21, 23, 0);

-- --------------------------------------------------------

--
-- Структура таблицы `user_tags`
--

CREATE TABLE `user_tags` (
  `id_user` int(10) UNSIGNED NOT NULL,
  `id_tag` int(10) UNSIGNED NOT NULL
) ENGINE=MyISAM DEFAULT CHARSET=utf8;

--
-- Дамп данных таблицы `user_tags`
--

INSERT INTO `user_tags` (`id_user`, `id_tag`) VALUES
(19, 1),
(19, 2),
(19, 3),
(20, 4);

--
-- Индексы сохранённых таблиц
--

--
-- Индексы таблицы `chats`
--
ALTER TABLE `chats`
  ADD PRIMARY KEY (`id`),
  ADD KEY `fk_location_id_user` (`id_user`);

--
-- Индексы таблицы `friends`
--
ALTER TABLE `friends`
  ADD PRIMARY KEY (`id`);

--
-- Индексы таблицы `location`
--
ALTER TABLE `location`
  ADD PRIMARY KEY (`id`),
  ADD KEY `fk_location_id_user` (`id_user`);

--
-- Индексы таблицы `messages`
--
ALTER TABLE `messages`
  ADD PRIMARY KEY (`id_message`),
  ADD KEY `id_user_from` (`id_user_from`),
  ADD KEY `id_user_to` (`id_user_to`),
  ADD KEY `id_chat_room` (`id_chat_room`);

--
-- Индексы таблицы `notifications`
--
ALTER TABLE `notifications`
  ADD PRIMARY KEY (`id`),
  ADD UNIQUE KEY `id_user_from` (`id_user_from`,`id_user`,`type`);

--
-- Индексы таблицы `photos`
--
ALTER TABLE `photos`
  ADD PRIMARY KEY (`id`);

--
-- Индексы таблицы `settings`
--
ALTER TABLE `settings`
  ADD KEY `id_user` (`id_user`);

--
-- Индексы таблицы `tags`
--
ALTER TABLE `tags`
  ADD PRIMARY KEY (`id`);

--
-- Индексы таблицы `users`
--
ALTER TABLE `users`
  ADD PRIMARY KEY (`id`);

--
-- Индексы таблицы `user_details`
--
ALTER TABLE `user_details`
  ADD PRIMARY KEY (`id_user`);

--
-- Индексы таблицы `user_reports`
--
ALTER TABLE `user_reports`
  ADD PRIMARY KEY (`id`),
  ADD UNIQUE KEY `id_user` (`id_user`,`id_user_from`);

--
-- Индексы таблицы `user_tags`
--
ALTER TABLE `user_tags`
  ADD UNIQUE KEY `id_user` (`id_user`,`id_tag`);

--
-- AUTO_INCREMENT для сохранённых таблиц
--

--
-- AUTO_INCREMENT для таблицы `chats`
--
ALTER TABLE `chats`
  MODIFY `id` int(10) UNSIGNED NOT NULL AUTO_INCREMENT, AUTO_INCREMENT=24;

--
-- AUTO_INCREMENT для таблицы `friends`
--
ALTER TABLE `friends`
  MODIFY `id` int(10) UNSIGNED NOT NULL AUTO_INCREMENT, AUTO_INCREMENT=67;

--
-- AUTO_INCREMENT для таблицы `location`
--
ALTER TABLE `location`
  MODIFY `id` int(10) UNSIGNED NOT NULL AUTO_INCREMENT, AUTO_INCREMENT=23;

--
-- AUTO_INCREMENT для таблицы `messages`
--
ALTER TABLE `messages`
  MODIFY `id_message` int(10) UNSIGNED NOT NULL AUTO_INCREMENT, AUTO_INCREMENT=406;

--
-- AUTO_INCREMENT для таблицы `notifications`
--
ALTER TABLE `notifications`
  MODIFY `id` int(10) UNSIGNED NOT NULL AUTO_INCREMENT, AUTO_INCREMENT=109;

--
-- AUTO_INCREMENT для таблицы `photos`
--
ALTER TABLE `photos`
  MODIFY `id` int(10) UNSIGNED NOT NULL AUTO_INCREMENT, AUTO_INCREMENT=30;

--
-- AUTO_INCREMENT для таблицы `tags`
--
ALTER TABLE `tags`
  MODIFY `id` int(10) UNSIGNED NOT NULL AUTO_INCREMENT, AUTO_INCREMENT=5;

--
-- AUTO_INCREMENT для таблицы `users`
--
ALTER TABLE `users`
  MODIFY `id` int(10) UNSIGNED NOT NULL AUTO_INCREMENT, AUTO_INCREMENT=24;

--
-- AUTO_INCREMENT для таблицы `user_reports`
--
ALTER TABLE `user_reports`
  MODIFY `id` int(10) UNSIGNED NOT NULL AUTO_INCREMENT, AUTO_INCREMENT=10;

--
-- Ограничения внешнего ключа сохраненных таблиц
--

--
-- Ограничения внешнего ключа таблицы `messages`
--
ALTER TABLE `messages`
  ADD CONSTRAINT `messages_ibfk_1` FOREIGN KEY (`id_user_from`) REFERENCES `users` (`id`) ON DELETE CASCADE,
  ADD CONSTRAINT `messages_ibfk_2` FOREIGN KEY (`id_user_to`) REFERENCES `users` (`id`) ON DELETE CASCADE,
  ADD CONSTRAINT `messages_ibfk_3` FOREIGN KEY (`id_chat_room`) REFERENCES `chats` (`id`) ON DELETE CASCADE;
COMMIT;

/*!40101 SET CHARACTER_SET_CLIENT=@OLD_CHARACTER_SET_CLIENT */;
/*!40101 SET CHARACTER_SET_RESULTS=@OLD_CHARACTER_SET_RESULTS */;
/*!40101 SET COLLATION_CONNECTION=@OLD_COLLATION_CONNECTION */;
